,date,decile,price
0,2003-02-01,decile0.1,0.85000002
1,2003-03-01,decile0.1,0.85000002
2,2003-04-01,decile0.1,0.89999998
3,2003-05-01,decile0.1,0.89999998
4,2003-06-01,decile0.1,0.94999999
5,2003-07-01,decile0.1,0.94999999
6,2003-08-01,decile0.1,0.939999988
7,2003-09-01,decile0.1,0.94999999
8,2003-10-01,decile0.1,0.940999999
9,2003-11-01,decile0.1,0.934000006
10,2003-12-01,decile0.1,0.903999988
11,2004-01-01,decile0.1,0.942999997
12,2004-02-01,decile0.1,0.89999998
13,2004-03-01,decile0.1,0.89999998
14,2004-04-01,decile0.1,0.89999998
15,2004-05-01,decile0.1,0.89999998
16,2004-06-01,decile0.1,0.89999998
17,2004-07-01,decile0.1,0.89999998
18,2004-08-01,decile0.1,0.89999998
19,2004-09-01,decile0.1,0.89999998
20,2004-10-01,decile0.1,0.89999998
21,2004-11-01,decile0.1,0.94999999
22,2004-12-01,decile0.1,0.94999999
23,2005-01-01,decile0.1,0.94999999
24,2005-02-01,decile0.1,0.89999998
25,2005-03-01,decile0.1,0.89999998
26,2005-04-01,decile0.1,0.94999999
27,2005-05-01,decile0.1,0.94999999
28,2005-06-01,decile0.1,0.94999999
29,2005-07-01,decile0.1,0.94999999
30,2005-08-01,decile0.1,0.99000001
31,2005-09-01,decile0.1,0.94999999
32,2005-10-01,decile0.1,0.953999992
33,2005-11-01,decile0.1,1.0
34,2005-12-01,decile0.1,0.996000004
35,2006-01-01,decile0.1,0.995000005
36,2006-02-01,decile0.1,0.94999999
37,2006-03-01,decile0.1,0.94999999
38,2006-04-01,decile0.1,0.9780000040000002
39,2006-05-01,decile0.1,0.998000002
40,2006-06-01,decile0.1,1.0
41,2006-07-01,decile0.1,1.0
42,2006-08-01,decile0.1,1.0
43,2006-09-01,decile0.1,1.0
44,2006-10-01,decile0.1,1.0
45,2006-11-01,decile0.1,1.0
46,2006-12-01,decile0.1,1.0
47,2007-01-01,decile0.1,1.0
48,2007-02-01,decile0.1,1.0
49,2007-03-01,decile0.1,1.0
50,2007-04-01,decile0.1,1.0
51,2007-05-01,decile0.1,1.0
52,2007-06-01,decile0.1,1.0
53,2007-07-01,decile0.1,1.0
54,2007-08-01,decile0.1,1.0
55,2007-09-01,decile0.1,1.0
56,2007-10-01,decile0.1,1.0
57,2007-11-01,decile0.1,1.0
58,2007-12-01,decile0.1,1.0
59,2008-01-01,decile0.1,1.0
60,2008-02-01,decile0.1,1.0
61,2008-03-01,decile0.1,1.0
62,2008-04-01,decile0.1,1.0550000000000002
63,2008-05-01,decile0.1,1.1
64,2008-06-01,decile0.1,1.1
65,2008-07-01,decile0.1,1.2
66,2008-08-01,decile0.1,1.2
67,2008-09-01,decile0.1,1.2
68,2008-10-01,decile0.1,1.2
69,2008-11-01,decile0.1,1.2
70,2008-12-01,decile0.1,1.2
71,2009-01-01,decile0.1,1.2
72,2009-02-01,decile0.1,1.2
73,2009-03-01,decile0.1,1.2
74,2009-04-01,decile0.1,1.2
75,2009-05-01,decile0.1,1.205
76,2009-06-01,decile0.1,1.25
77,2009-07-01,decile0.1,1.25
78,2009-08-01,decile0.1,1.25
79,2009-09-01,decile0.1,1.25
80,2009-10-01,decile0.1,1.25
81,2009-11-01,decile0.1,1.25
82,2009-12-01,decile0.1,1.25
83,2010-01-01,decile0.1,1.25
84,2010-02-01,decile0.1,1.25
85,2010-03-01,decile0.1,1.25
86,2010-04-01,decile0.1,1.25
87,2010-05-01,decile0.1,1.25
88,2010-06-01,decile0.1,1.25
89,2010-07-01,decile0.1,1.25
90,2010-08-01,decile0.1,1.25
91,2010-09-01,decile0.1,1.25
92,2010-10-01,decile0.1,1.29
93,2010-11-01,decile0.1,1.29
94,2010-12-01,decile0.1,1.293
95,2011-01-01,decile0.1,1.3
96,2011-02-01,decile0.1,1.3
97,2011-03-01,decile0.1,1.3
98,2011-04-01,decile0.1,1.35
99,2011-05-01,decile0.1,1.35
100,2011-06-01,decile0.1,1.35
101,2011-07-01,decile0.1,1.35
102,2011-08-01,decile0.1,1.35
103,2011-09-01,decile0.1,1.366
104,2011-10-01,decile0.1,1.378
105,2011-11-01,decile0.1,1.35
106,2011-12-01,decile0.1,1.386
107,2012-01-01,decile0.1,1.4
108,2012-02-01,decile0.1,1.3250000000000002
109,2012-03-01,decile0.1,1.3
110,2012-04-01,decile0.1,1.3
111,2012-05-01,decile0.1,1.3
112,2012-06-01,decile0.1,1.33
113,2012-07-01,decile0.1,1.35
114,2012-08-01,decile0.1,1.3
115,2012-09-01,decile0.1,1.3
116,2012-10-01,decile0.1,1.3
117,2012-11-01,decile0.1,1.3
118,2012-12-01,decile0.1,1.3350000000000002
119,2013-01-01,decile0.1,1.39
120,2013-02-01,decile0.1,1.49
121,2013-03-01,decile0.1,1.466
122,2013-04-01,decile0.1,1.47
123,2013-05-01,decile0.1,1.49
124,2013-06-01,decile0.1,1.49
125,2013-07-01,decile0.1,1.49
126,2013-08-01,decile0.1,1.49
127,2013-09-01,decile0.1,1.49
128,2013-10-01,decile0.1,1.49
129,2013-11-01,decile0.1,1.49
130,2013-12-01,decile0.1,1.495
131,2014-01-01,decile0.1,1.491
132,2014-02-01,decile0.1,1.5
133,2014-03-01,decile0.1,1.5
134,2014-04-01,decile0.1,1.5
135,2014-05-01,decile0.1,1.5
136,2014-06-01,decile0.1,1.5
137,2014-07-01,decile0.1,1.5
138,2014-08-01,decile0.1,1.5
139,2014-09-01,decile0.1,1.5
140,2014-10-01,decile0.1,1.5
141,2014-11-01,decile0.1,1.5
142,2014-12-01,decile0.1,1.5
143,2015-01-01,decile0.1,1.5
144,2015-02-01,decile0.1,1.5
145,2015-03-01,decile0.1,1.5
146,2015-04-01,decile0.1,1.5
147,2015-05-01,decile0.1,1.5
148,2015-06-01,decile0.1,1.5450000000000002
149,2015-07-01,decile0.1,1.5
150,2015-08-01,decile0.1,1.5
151,2015-09-01,decile0.1,1.5
152,2015-10-01,decile0.1,1.5
153,2015-11-01,decile0.1,1.5
154,2015-12-01,decile0.1,1.5
155,2016-01-01,decile0.1,1.5
156,2016-02-01,decile0.1,1.5
157,2016-03-01,decile0.1,1.5
158,2016-04-01,decile0.1,1.5
159,2016-05-01,decile0.1,1.5
160,2016-06-01,decile0.1,1.554
161,2016-07-01,decile0.1,1.5450000000000002
162,2016-08-01,decile0.1,1.5100000000000002
163,2016-09-01,decile0.1,1.554
164,2016-10-01,decile0.1,1.535
165,2016-11-01,decile0.1,1.59
166,2016-12-01,decile0.1,1.6
167,2017-01-01,decile0.1,1.6
168,2017-02-01,decile0.1,1.6
169,2017-03-01,decile0.1,1.62
170,2017-04-01,decile0.1,1.66799994
171,2017-05-01,decile0.1,1.69599998
172,2017-06-01,decile0.1,1.75
173,2017-07-01,decile0.1,1.75
174,2017-08-01,decile0.1,1.74
175,2017-09-01,decile0.1,1.75
176,2017-10-01,decile0.1,1.755
177,2017-11-01,decile0.1,1.775
178,2017-12-01,decile0.1,1.77
179,2018-01-01,decile0.1,1.75
180,2018-02-01,decile0.1,1.8
181,2018-03-01,decile0.1,1.8
182,2018-04-01,decile0.1,1.8
183,2018-05-01,decile0.1,1.8
184,2018-06-01,decile0.1,1.8
185,2018-07-01,decile0.1,1.8
186,2018-08-01,decile0.1,1.8
187,2018-09-01,decile0.1,1.8
188,2018-10-01,decile0.1,1.8
189,2018-11-01,decile0.1,1.8
190,2018-12-01,decile0.1,1.8
191,2019-01-01,decile0.1,1.8
192,2019-02-01,decile0.1,1.8
193,2019-03-01,decile0.1,1.8
194,2019-04-01,decile0.1,1.8
195,2019-05-01,decile0.1,1.8
196,2019-06-01,decile0.1,1.8
197,2019-07-01,decile0.1,1.8
198,2019-08-01,decile0.1,1.88
199,2019-09-01,decile0.1,1.9
200,2019-10-01,decile0.1,1.9
201,2019-11-01,decile0.1,1.9
202,2019-12-01,decile0.1,1.9
203,2020-01-01,decile0.1,1.9
204,2020-02-01,decile0.1,1.9
205,2020-03-01,decile0.1,1.9
206,2020-05-01,decile0.1,2.125
207,2020-06-01,decile0.1,1.97
208,2020-07-01,decile0.1,1.9
209,2020-08-01,decile0.1,1.8111
210,2020-09-01,decile0.1,1.9
211,2020-10-01,decile0.1,1.8015
212,2020-11-01,decile0.1,1.715
213,2020-12-01,decile0.1,1.8903
214,2021-01-01,decile0.1,1.8498
215,2021-02-01,decile0.1,1.8679
216,2021-03-01,decile0.1,1.7852
217,2021-04-01,decile0.1,1.8636
218,2021-05-01,decile0.1,1.83
219,2021-06-01,decile0.1,1.9
220,2021-07-01,decile0.1,1.9
221,2021-08-01,decile0.1,1.95
222,2021-09-01,decile0.1,1.935
223,2021-10-01,decile0.1,2.0
224,2021-11-01,decile0.1,1.98
225,2021-12-01,decile0.1,2.0
226,2022-01-01,decile0.1,2.0
227,2022-02-01,decile0.1,2.0
228,2022-03-01,decile0.1,2.0
229,2022-04-01,decile0.1,2.05
230,2022-05-01,decile0.1,2.0999999
231,2022-06-01,decile0.1,2.0999999
232,2022-07-01,decile0.1,2.14999995
233,2022-08-01,decile0.1,2.0999999
234,2022-09-01,decile0.1,2.10999991
235,2022-10-01,decile0.1,2.2
236,2022-11-01,decile0.1,2.27
237,2022-12-01,decile0.1,2.3
238,2023-01-01,decile0.1,2.3
239,2023-02-01,decile0.1,1.995
240,2023-03-01,decile0.1,2.0
241,2023-04-01,decile0.1,2.0
242,2023-05-01,decile0.1,2.0
243,2023-06-01,decile0.1,2.06299993
244,2023-07-01,decile0.1,2.0
245,2023-08-01,decile0.1,2.0179999800000004
246,2023-09-01,decile0.1,2.0899999
247,2023-10-01,decile0.1,2.0
248,2023-11-01,decile0.1,2.05399994
249,2023-12-01,decile0.1,2.00899999
250,2024-01-01,decile0.1,2.0
251,2003-02-01,decile0.2,1.0
252,2003-03-01,decile0.2,1.0
253,2003-04-01,decile0.2,1.0
254,2003-05-01,decile0.2,1.0
255,2003-06-01,decile0.2,1.0
256,2003-07-01,decile0.2,1.0
257,2003-08-01,decile0.2,1.0
258,2003-09-01,decile0.2,1.0
259,2003-10-01,decile0.2,1.05
260,2003-11-01,decile0.2,1.0
261,2003-12-01,decile0.2,1.0
262,2004-01-01,decile0.2,1.03
263,2004-02-01,decile0.2,1.0
264,2004-03-01,decile0.2,1.0
265,2004-04-01,decile0.2,1.0
266,2004-05-01,decile0.2,1.0
267,2004-06-01,decile0.2,1.0
268,2004-07-01,decile0.2,1.0
269,2004-08-01,decile0.2,1.0
270,2004-09-01,decile0.2,1.0
271,2004-10-01,decile0.2,1.0
272,2004-11-01,decile0.2,1.0
273,2004-12-01,decile0.2,1.0
274,2005-01-01,decile0.2,1.0
275,2005-02-01,decile0.2,1.0
276,2005-03-01,decile0.2,1.0
277,2005-04-01,decile0.2,1.0
278,2005-05-01,decile0.2,1.0
279,2005-06-01,decile0.2,1.0
280,2005-07-01,decile0.2,1.05
281,2005-08-01,decile0.2,1.1
282,2005-09-01,decile0.2,1.082
283,2005-10-01,decile0.2,1.1
284,2005-11-01,decile0.2,1.1
285,2005-12-01,decile0.2,1.1
286,2006-01-01,decile0.2,1.1
287,2006-02-01,decile0.2,1.1
288,2006-03-01,decile0.2,1.1
289,2006-04-01,decile0.2,1.1
290,2006-05-01,decile0.2,1.15
291,2006-06-01,decile0.2,1.15
292,2006-07-01,decile0.2,1.1740000600000002
293,2006-08-01,decile0.2,1.18200008
294,2006-09-01,decile0.2,1.15
295,2006-10-01,decile0.2,1.2
296,2006-11-01,decile0.2,1.2
297,2006-12-01,decile0.2,1.2
298,2007-01-01,decile0.2,1.2
299,2007-02-01,decile0.2,1.2
300,2007-03-01,decile0.2,1.2
301,2007-04-01,decile0.2,1.2
302,2007-05-01,decile0.2,1.2
303,2007-06-01,decile0.2,1.2
304,2007-07-01,decile0.2,1.2
305,2007-08-01,decile0.2,1.2
306,2007-09-01,decile0.2,1.2
307,2007-10-01,decile0.2,1.2
308,2007-11-01,decile0.2,1.2
309,2007-12-01,decile0.2,1.2
310,2008-01-01,decile0.2,1.2
311,2008-02-01,decile0.2,1.3
312,2008-03-01,decile0.2,1.3
313,2008-04-01,decile0.2,1.3
314,2008-05-01,decile0.2,1.3
315,2008-06-01,decile0.2,1.3
316,2008-07-01,decile0.2,1.39
317,2008-08-01,decile0.2,1.392
318,2008-09-01,decile0.2,1.4
319,2008-10-01,decile0.2,1.4
320,2008-11-01,decile0.2,1.396
321,2008-12-01,decile0.2,1.366
322,2009-01-01,decile0.2,1.366
323,2009-02-01,decile0.2,1.4
324,2009-03-01,decile0.2,1.4
325,2009-04-01,decile0.2,1.4
326,2009-05-01,decile0.2,1.4
327,2009-06-01,decile0.2,1.43
328,2009-07-01,decile0.2,1.4
329,2009-08-01,decile0.2,1.45
330,2009-09-01,decile0.2,1.45
331,2009-10-01,decile0.2,1.45
332,2009-11-01,decile0.2,1.45
333,2009-12-01,decile0.2,1.5
334,2010-01-01,decile0.2,1.49
335,2010-02-01,decile0.2,1.4
336,2010-03-01,decile0.2,1.4
337,2010-04-01,decile0.2,1.398
338,2010-05-01,decile0.2,1.4
339,2010-06-01,decile0.2,1.4
340,2010-07-01,decile0.2,1.4
341,2010-08-01,decile0.2,1.4
342,2010-09-01,decile0.2,1.396
343,2010-10-01,decile0.2,1.4
344,2010-11-01,decile0.2,1.4
345,2010-12-01,decile0.2,1.4
346,2011-01-01,decile0.2,1.4
347,2011-02-01,decile0.2,1.4
348,2011-03-01,decile0.2,1.4
349,2011-04-01,decile0.2,1.4
350,2011-05-01,decile0.2,1.4
351,2011-06-01,decile0.2,1.45
352,2011-07-01,decile0.2,1.45
353,2011-08-01,decile0.2,1.45
354,2011-09-01,decile0.2,1.5
355,2011-10-01,decile0.2,1.5
356,2011-11-01,decile0.2,1.5
357,2011-12-01,decile0.2,1.5
358,2012-01-01,decile0.2,1.5
359,2012-02-01,decile0.2,1.49
360,2012-03-01,decile0.2,1.49
361,2012-04-01,decile0.2,1.5
362,2012-05-01,decile0.2,1.5
363,2012-06-01,decile0.2,1.5
364,2012-07-01,decile0.2,1.5
365,2012-08-01,decile0.2,1.5
366,2012-09-01,decile0.2,1.5
367,2012-10-01,decile0.2,1.5
368,2012-11-01,decile0.2,1.5
369,2012-12-01,decile0.2,1.55
370,2013-01-01,decile0.2,1.55
371,2013-02-01,decile0.2,1.55
372,2013-03-01,decile0.2,1.55
373,2013-04-01,decile0.2,1.55
374,2013-05-01,decile0.2,1.55
375,2013-06-01,decile0.2,1.55
376,2013-07-01,decile0.2,1.6
377,2013-08-01,decile0.2,1.6
378,2013-09-01,decile0.2,1.6
379,2013-10-01,decile0.2,1.6
380,2013-11-01,decile0.2,1.6
381,2013-12-01,decile0.2,1.6
382,2014-01-01,decile0.2,1.65
383,2014-02-01,decile0.2,1.65
384,2014-03-01,decile0.2,1.65
385,2014-04-01,decile0.2,1.65
386,2014-05-01,decile0.2,1.65
387,2014-06-01,decile0.2,1.65
388,2014-07-01,decile0.2,1.7
389,2014-08-01,decile0.2,1.7
390,2014-09-01,decile0.2,1.7
391,2014-10-01,decile0.2,1.7
392,2014-11-01,decile0.2,1.7
393,2014-12-01,decile0.2,1.7
394,2015-01-01,decile0.2,1.75
395,2015-02-01,decile0.2,1.7
396,2015-03-01,decile0.2,1.7
397,2015-04-01,decile0.2,1.7
398,2015-05-01,decile0.2,1.7
399,2015-06-01,decile0.2,1.75
400,2015-07-01,decile0.2,1.7
401,2015-08-01,decile0.2,1.7
402,2015-09-01,decile0.2,1.7
403,2015-10-01,decile0.2,1.7
404,2015-11-01,decile0.2,1.7
405,2015-12-01,decile0.2,1.75
406,2016-01-01,decile0.2,1.7
407,2016-02-01,decile0.2,1.75
408,2016-03-01,decile0.2,1.75
409,2016-04-01,decile0.2,1.75
410,2016-05-01,decile0.2,1.75
411,2016-06-01,decile0.2,1.75
412,2016-07-01,decile0.2,1.8
413,2016-08-01,decile0.2,1.8
414,2016-09-01,decile0.2,1.8
415,2016-10-01,decile0.2,1.8
416,2016-11-01,decile0.2,1.8
417,2016-12-01,decile0.2,1.8
418,2017-01-01,decile0.2,1.8
419,2017-02-01,decile0.2,1.8
420,2017-03-01,decile0.2,1.8
421,2017-04-01,decile0.2,1.8
422,2017-05-01,decile0.2,1.8
423,2017-06-01,decile0.2,1.8
424,2017-07-01,decile0.2,1.8
425,2017-08-01,decile0.2,1.8
426,2017-09-01,decile0.2,1.8
427,2017-10-01,decile0.2,1.8
428,2017-11-01,decile0.2,1.8
429,2017-12-01,decile0.2,1.8
430,2018-01-01,decile0.2,1.85
431,2018-02-01,decile0.2,1.85
432,2018-03-01,decile0.2,1.85
433,2018-04-01,decile0.2,1.85
434,2018-05-01,decile0.2,1.85
435,2018-06-01,decile0.2,1.85
436,2018-07-01,decile0.2,1.85
437,2018-08-01,decile0.2,1.85
438,2018-09-01,decile0.2,1.9
439,2018-10-01,decile0.2,1.9
440,2018-11-01,decile0.2,1.9
441,2018-12-01,decile0.2,1.9
442,2019-01-01,decile0.2,1.9
443,2019-02-01,decile0.2,1.9
444,2019-03-01,decile0.2,1.9
445,2019-04-01,decile0.2,1.9
446,2019-05-01,decile0.2,1.94
447,2019-06-01,decile0.2,1.93
448,2019-07-01,decile0.2,1.95
449,2019-08-01,decile0.2,1.996
450,2019-09-01,decile0.2,2.0
451,2019-10-01,decile0.2,2.0
452,2019-11-01,decile0.2,2.0
453,2019-12-01,decile0.2,2.0
454,2020-01-01,decile0.2,2.0
455,2020-02-01,decile0.2,2.0999999
456,2020-03-01,decile0.2,2.0999999
457,2020-05-01,decile0.2,2.45
458,2020-06-01,decile0.2,2.2
459,2020-07-01,decile0.2,2.0999999
460,2020-08-01,decile0.2,2.0
461,2020-09-01,decile0.2,2.0
462,2020-10-01,decile0.2,2.0
463,2020-11-01,decile0.2,2.0
464,2020-12-01,decile0.2,2.0
465,2021-01-01,decile0.2,2.0
466,2021-02-01,decile0.2,2.0448
467,2021-03-01,decile0.2,2.0
468,2021-04-01,decile0.2,2.0
469,2021-05-01,decile0.2,2.0536
470,2021-06-01,decile0.2,2.188
471,2021-07-01,decile0.2,2.188
472,2021-08-01,decile0.2,2.2
473,2021-09-01,decile0.2,2.2
474,2021-10-01,decile0.2,2.3
475,2021-11-01,decile0.2,2.3
476,2021-12-01,decile0.2,2.30399998
477,2022-01-01,decile0.2,2.3499999
478,2022-02-01,decile0.2,2.3499999
479,2022-03-01,decile0.2,2.3499999
480,2022-04-01,decile0.2,2.4000001
481,2022-05-01,decile0.2,2.4000001
482,2022-06-01,decile0.2,2.45
483,2022-07-01,decile0.2,2.5
484,2022-08-01,decile0.2,2.5
485,2022-09-01,decile0.2,2.5
486,2022-10-01,decile0.2,2.5
487,2022-11-01,decile0.2,2.5
488,2022-12-01,decile0.2,2.56999996
489,2023-01-01,decile0.2,2.56999996
490,2023-02-01,decile0.2,2.5
491,2023-03-01,decile0.2,2.5
492,2023-04-01,decile0.2,2.5
493,2023-05-01,decile0.2,2.5
494,2023-06-01,decile0.2,2.5
495,2023-07-01,decile0.2,2.5
496,2023-08-01,decile0.2,2.56999996
497,2023-09-01,decile0.2,2.6500001
498,2023-10-01,decile0.2,2.55
499,2023-11-01,decile0.2,2.55
500,2023-12-01,decile0.2,2.55
501,2024-01-01,decile0.2,2.55
502,2003-02-01,decile0.3,1.1
503,2003-03-01,decile0.3,1.15
504,2003-04-01,decile0.3,1.15
505,2003-05-01,decile0.3,1.2
506,2003-06-01,decile0.3,1.2
507,2003-07-01,decile0.3,1.2
508,2003-08-01,decile0.3,1.2
509,2003-09-01,decile0.3,1.2
510,2003-10-01,decile0.3,1.2
511,2003-11-01,decile0.3,1.2
512,2003-12-01,decile0.3,1.2
513,2004-01-01,decile0.3,1.2
514,2004-02-01,decile0.3,1.1
515,2004-03-01,decile0.3,1.1
516,2004-04-01,decile0.3,1.1
517,2004-05-01,decile0.3,1.15
518,2004-06-01,decile0.3,1.1549999999999996
519,2004-07-01,decile0.3,1.15
520,2004-08-01,decile0.3,1.1949999999999996
521,2004-09-01,decile0.3,1.2
522,2004-10-01,decile0.3,1.2
523,2004-11-01,decile0.3,1.2
524,2004-12-01,decile0.3,1.2
525,2005-01-01,decile0.3,1.2
526,2005-02-01,decile0.3,1.15
527,2005-03-01,decile0.3,1.1649999999999998
528,2005-04-01,decile0.3,1.2
529,2005-05-01,decile0.3,1.2
530,2005-06-01,decile0.3,1.2
531,2005-07-01,decile0.3,1.2
532,2005-08-01,decile0.3,1.2
533,2005-09-01,decile0.3,1.2
534,2005-10-01,decile0.3,1.2
535,2005-11-01,decile0.3,1.2
536,2005-12-01,decile0.3,1.2399999999999998
537,2006-01-01,decile0.3,1.25
538,2006-02-01,decile0.3,1.2
539,2006-03-01,decile0.3,1.2
540,2006-04-01,decile0.3,1.2049999999999996
541,2006-05-01,decile0.3,1.25
542,2006-06-01,decile0.3,1.25
543,2006-07-01,decile0.3,1.29
544,2006-08-01,decile0.3,1.29
545,2006-09-01,decile0.3,1.25
546,2006-10-01,decile0.3,1.29
547,2006-11-01,decile0.3,1.3
548,2006-12-01,decile0.3,1.3
549,2007-01-01,decile0.3,1.3
550,2007-02-01,decile0.3,1.3
551,2007-03-01,decile0.3,1.3
552,2007-04-01,decile0.3,1.3
553,2007-05-01,decile0.3,1.3
554,2007-06-01,decile0.3,1.3049999999999995
555,2007-07-01,decile0.3,1.35
556,2007-08-01,decile0.3,1.35
557,2007-09-01,decile0.3,1.35
558,2007-10-01,decile0.3,1.35
559,2007-11-01,decile0.3,1.39
560,2007-12-01,decile0.3,1.39
561,2008-01-01,decile0.3,1.4
562,2008-02-01,decile0.3,1.4
563,2008-03-01,decile0.3,1.4
564,2008-04-01,decile0.3,1.4
565,2008-05-01,decile0.3,1.45
566,2008-06-01,decile0.3,1.45
567,2008-07-01,decile0.3,1.5
568,2008-08-01,decile0.3,1.5
569,2008-09-01,decile0.3,1.5
570,2008-10-01,decile0.3,1.5
571,2008-11-01,decile0.3,1.5
572,2008-12-01,decile0.3,1.5
573,2009-01-01,decile0.3,1.526
574,2009-02-01,decile0.3,1.516
575,2009-03-01,decile0.3,1.5
576,2009-04-01,decile0.3,1.52
577,2009-05-01,decile0.3,1.55
578,2009-06-01,decile0.3,1.5699999999999996
579,2009-07-01,decile0.3,1.59100003
580,2009-08-01,decile0.3,1.6
581,2009-09-01,decile0.3,1.6
582,2009-10-01,decile0.3,1.6
583,2009-11-01,decile0.3,1.6
584,2009-12-01,decile0.3,1.6
585,2010-01-01,decile0.3,1.603
586,2010-02-01,decile0.3,1.6
587,2010-03-01,decile0.3,1.55
588,2010-04-01,decile0.3,1.5850000000000002
589,2010-05-01,decile0.3,1.6
590,2010-06-01,decile0.3,1.6
591,2010-07-01,decile0.3,1.6
592,2010-08-01,decile0.3,1.6
593,2010-09-01,decile0.3,1.6
594,2010-10-01,decile0.3,1.6
595,2010-11-01,decile0.3,1.6
596,2010-12-01,decile0.3,1.6
597,2011-01-01,decile0.3,1.6
598,2011-02-01,decile0.3,1.6
599,2011-03-01,decile0.3,1.6
600,2011-04-01,decile0.3,1.6
601,2011-05-01,decile0.3,1.6
602,2011-06-01,decile0.3,1.6
603,2011-07-01,decile0.3,1.6
604,2011-08-01,decile0.3,1.6
605,2011-09-01,decile0.3,1.6
606,2011-10-01,decile0.3,1.6049999999999998
607,2011-11-01,decile0.3,1.635
608,2011-12-01,decile0.3,1.6
609,2012-01-01,decile0.3,1.61
610,2012-02-01,decile0.3,1.6
611,2012-03-01,decile0.3,1.599
612,2012-04-01,decile0.3,1.6
613,2012-05-01,decile0.3,1.6
614,2012-06-01,decile0.3,1.6
615,2012-07-01,decile0.3,1.6
616,2012-08-01,decile0.3,1.6
617,2012-09-01,decile0.3,1.6
618,2012-10-01,decile0.3,1.6
619,2012-11-01,decile0.3,1.61
620,2012-12-01,decile0.3,1.65
621,2013-01-01,decile0.3,1.65
622,2013-02-01,decile0.3,1.65
623,2013-03-01,decile0.3,1.65
624,2013-04-01,decile0.3,1.65
625,2013-05-01,decile0.3,1.65
626,2013-06-01,decile0.3,1.7
627,2013-07-01,decile0.3,1.65
628,2013-08-01,decile0.3,1.6749999999999998
629,2013-09-01,decile0.3,1.6899999999999995
630,2013-10-01,decile0.3,1.7
631,2013-11-01,decile0.3,1.6749999999999998
632,2013-12-01,decile0.3,1.7
633,2014-01-01,decile0.3,1.7
634,2014-02-01,decile0.3,1.7
635,2014-03-01,decile0.3,1.7
636,2014-04-01,decile0.3,1.7
637,2014-05-01,decile0.3,1.7
638,2014-06-01,decile0.3,1.7
639,2014-07-01,decile0.3,1.75
640,2014-08-01,decile0.3,1.75
641,2014-09-01,decile0.3,1.75
642,2014-10-01,decile0.3,1.75
643,2014-11-01,decile0.3,1.75
644,2014-12-01,decile0.3,1.75
645,2015-01-01,decile0.3,1.75
646,2015-02-01,decile0.3,1.75
647,2015-03-01,decile0.3,1.75
648,2015-04-01,decile0.3,1.75
649,2015-05-01,decile0.3,1.75
650,2015-06-01,decile0.3,1.8
651,2015-07-01,decile0.3,1.75
652,2015-08-01,decile0.3,1.75
653,2015-09-01,decile0.3,1.765
654,2015-10-01,decile0.3,1.75
655,2015-11-01,decile0.3,1.75
656,2015-12-01,decile0.3,1.8
657,2016-01-01,decile0.3,1.75
658,2016-02-01,decile0.3,1.7899999999999998
659,2016-03-01,decile0.3,1.8
660,2016-04-01,decile0.3,1.8
661,2016-05-01,decile0.3,1.8
662,2016-06-01,decile0.3,1.85
663,2016-07-01,decile0.3,1.85
664,2016-08-01,decile0.3,1.85
665,2016-09-01,decile0.3,1.85
666,2016-10-01,decile0.3,1.85
667,2016-11-01,decile0.3,1.854
668,2016-12-01,decile0.3,1.9
669,2017-01-01,decile0.3,1.9
670,2017-02-01,decile0.3,1.9
671,2017-03-01,decile0.3,1.91
672,2017-04-01,decile0.3,1.95
673,2017-05-01,decile0.3,2.0
674,2017-06-01,decile0.3,2.0
675,2017-07-01,decile0.3,2.0
676,2017-08-01,decile0.3,2.0
677,2017-09-01,decile0.3,2.0
678,2017-10-01,decile0.3,2.0
679,2017-11-01,decile0.3,2.0
680,2017-12-01,decile0.3,2.0
681,2018-01-01,decile0.3,2.0
682,2018-02-01,decile0.3,2.0
683,2018-03-01,decile0.3,2.0
684,2018-04-01,decile0.3,2.01
685,2018-05-01,decile0.3,2.0
686,2018-06-01,decile0.3,2.0899999199999995
687,2018-07-01,decile0.3,2.0999999
688,2018-08-01,decile0.3,2.0999999
689,2018-09-01,decile0.3,2.0999999
690,2018-10-01,decile0.3,2.0999999
691,2018-11-01,decile0.3,2.0999999
692,2018-12-01,decile0.3,2.1500001
693,2019-01-01,decile0.3,2.1700000599999996
694,2019-02-01,decile0.3,2.0999999
695,2019-03-01,decile0.3,2.2
696,2019-04-01,decile0.3,2.2
697,2019-05-01,decile0.3,2.2
698,2019-06-01,decile0.3,2.2
699,2019-07-01,decile0.3,2.2
700,2019-08-01,decile0.3,2.2
701,2019-09-01,decile0.3,2.25
702,2019-10-01,decile0.3,2.25
703,2019-11-01,decile0.3,2.25
704,2019-12-01,decile0.3,2.25
705,2020-01-01,decile0.3,2.28
706,2020-02-01,decile0.3,2.3
707,2020-03-01,decile0.3,2.3
708,2020-05-01,decile0.3,2.5
709,2020-06-01,decile0.3,2.25
710,2020-07-01,decile0.3,2.25
711,2020-08-01,decile0.3,2.2
712,2020-09-01,decile0.3,2.2
713,2020-10-01,decile0.3,2.2
714,2020-11-01,decile0.3,2.18709999
715,2020-12-01,decile0.3,2.1964
716,2021-01-01,decile0.3,2.224
717,2021-02-01,decile0.3,2.3133
718,2021-03-01,decile0.3,2.25
719,2021-04-01,decile0.3,2.25
720,2021-05-01,decile0.3,2.295
721,2021-06-01,decile0.3,2.3152
722,2021-07-01,decile0.3,2.3499999
723,2021-08-01,decile0.3,2.3499999
724,2021-09-01,decile0.3,2.3499999
725,2021-10-01,decile0.3,2.3499999
726,2021-11-01,decile0.3,2.4000001
727,2021-12-01,decile0.3,2.5
728,2022-01-01,decile0.3,2.5
729,2022-02-01,decile0.3,2.5
730,2022-03-01,decile0.3,2.5
731,2022-04-01,decile0.3,2.5999999
732,2022-05-01,decile0.3,2.60999994
733,2022-06-01,decile0.3,2.64000006
734,2022-07-01,decile0.3,2.6600001000000004
735,2022-08-01,decile0.3,2.7
736,2022-09-01,decile0.3,2.6790000700000003
737,2022-10-01,decile0.3,2.7
738,2022-11-01,decile0.3,2.7
739,2022-12-01,decile0.3,2.75
740,2023-01-01,decile0.3,2.78
741,2023-02-01,decile0.3,2.75
742,2023-03-01,decile0.3,2.75
743,2023-04-01,decile0.3,2.75
744,2023-05-01,decile0.3,2.8
745,2023-06-01,decile0.3,2.8
746,2023-07-01,decile0.3,2.8
747,2023-08-01,decile0.3,2.8740000199999995
748,2023-09-01,decile0.3,2.8499999
749,2023-10-01,decile0.3,2.8499999
750,2023-11-01,decile0.3,2.8499999
751,2023-12-01,decile0.3,2.8499999
752,2024-01-01,decile0.3,2.8499999
753,2003-02-01,decile0.4,1.2400000000000009
754,2003-03-01,decile0.4,1.25
755,2003-04-01,decile0.4,1.2200000000000002
756,2003-05-01,decile0.4,1.25
757,2003-06-01,decile0.4,1.25
758,2003-07-01,decile0.4,1.25
759,2003-08-01,decile0.4,1.25
760,2003-09-01,decile0.4,1.25
761,2003-10-01,decile0.4,1.25
762,2003-11-01,decile0.4,1.2900000000000007
763,2003-12-01,decile0.4,1.25
764,2004-01-01,decile0.4,1.3
765,2004-02-01,decile0.4,1.2
766,2004-03-01,decile0.4,1.2
767,2004-04-01,decile0.4,1.2
768,2004-05-01,decile0.4,1.25
769,2004-06-01,decile0.4,1.25
770,2004-07-01,decile0.4,1.25
771,2004-08-01,decile0.4,1.25
772,2004-09-01,decile0.4,1.25
773,2004-10-01,decile0.4,1.2580000000000002
774,2004-11-01,decile0.4,1.2980000000000005
775,2004-12-01,decile0.4,1.25
776,2005-01-01,decile0.4,1.3
777,2005-02-01,decile0.4,1.25
778,2005-03-01,decile0.4,1.25
779,2005-04-01,decile0.4,1.25
780,2005-05-01,decile0.4,1.25
781,2005-06-01,decile0.4,1.29
782,2005-07-01,decile0.4,1.3
783,2005-08-01,decile0.4,1.3
784,2005-09-01,decile0.4,1.3
785,2005-10-01,decile0.4,1.3
786,2005-11-01,decile0.4,1.3
787,2005-12-01,decile0.4,1.3
788,2006-01-01,decile0.4,1.3
789,2006-02-01,decile0.4,1.3
790,2006-03-01,decile0.4,1.3
791,2006-04-01,decile0.4,1.3
792,2006-05-01,decile0.4,1.35
793,2006-06-01,decile0.4,1.382
794,2006-07-01,decile0.4,1.4
795,2006-08-01,decile0.4,1.4
796,2006-09-01,decile0.4,1.4
797,2006-10-01,decile0.4,1.4
798,2006-11-01,decile0.4,1.4
799,2006-12-01,decile0.4,1.4
800,2007-01-01,decile0.4,1.4
801,2007-02-01,decile0.4,1.4
802,2007-03-01,decile0.4,1.4
803,2007-04-01,decile0.4,1.45
804,2007-05-01,decile0.4,1.45
805,2007-06-01,decile0.4,1.45
806,2007-07-01,decile0.4,1.45
807,2007-08-01,decile0.4,1.45
808,2007-09-01,decile0.4,1.45
809,2007-10-01,decile0.4,1.45
810,2007-11-01,decile0.4,1.45
811,2007-12-01,decile0.4,1.45
812,2008-01-01,decile0.4,1.45
813,2008-02-01,decile0.4,1.5
814,2008-03-01,decile0.4,1.5
815,2008-04-01,decile0.4,1.6
816,2008-05-01,decile0.4,1.6
817,2008-06-01,decile0.4,1.65
818,2008-07-01,decile0.4,1.7
819,2008-08-01,decile0.4,1.7
820,2008-09-01,decile0.4,1.7
821,2008-10-01,decile0.4,1.7
822,2008-11-01,decile0.4,1.7
823,2008-12-01,decile0.4,1.7
824,2009-01-01,decile0.4,1.7
825,2009-02-01,decile0.4,1.7
826,2009-03-01,decile0.4,1.7
827,2009-04-01,decile0.4,1.7
828,2009-05-01,decile0.4,1.7
829,2009-06-01,decile0.4,1.75
830,2009-07-01,decile0.4,1.75
831,2009-08-01,decile0.4,1.75
832,2009-09-01,decile0.4,1.75
833,2009-10-01,decile0.4,1.75
834,2009-11-01,decile0.4,1.75
835,2009-12-01,decile0.4,1.75
836,2010-01-01,decile0.4,1.75
837,2010-02-01,decile0.4,1.7
838,2010-03-01,decile0.4,1.7
839,2010-04-01,decile0.4,1.7
840,2010-05-01,decile0.4,1.7
841,2010-06-01,decile0.4,1.7
842,2010-07-01,decile0.4,1.7
843,2010-08-01,decile0.4,1.7
844,2010-09-01,decile0.4,1.7
845,2010-10-01,decile0.4,1.7
846,2010-11-01,decile0.4,1.7
847,2010-12-01,decile0.4,1.7
848,2011-01-01,decile0.4,1.7120000000000002
849,2011-02-01,decile0.4,1.72
850,2011-03-01,decile0.4,1.75
851,2011-04-01,decile0.4,1.75
852,2011-05-01,decile0.4,1.75
853,2011-06-01,decile0.4,1.75
854,2011-07-01,decile0.4,1.75
855,2011-08-01,decile0.4,1.75
856,2011-09-01,decile0.4,1.75
857,2011-10-01,decile0.4,1.75
858,2011-11-01,decile0.4,1.75
859,2011-12-01,decile0.4,1.75
860,2012-01-01,decile0.4,1.7740000000000005
861,2012-02-01,decile0.4,1.7
862,2012-03-01,decile0.4,1.7100000000000002
863,2012-04-01,decile0.4,1.7
864,2012-05-01,decile0.4,1.75
865,2012-06-01,decile0.4,1.75
866,2012-07-01,decile0.4,1.75
867,2012-08-01,decile0.4,1.75
868,2012-09-01,decile0.4,1.75
869,2012-10-01,decile0.4,1.75
870,2012-11-01,decile0.4,1.7740000000000005
871,2012-12-01,decile0.4,1.79
872,2013-01-01,decile0.4,1.8
873,2013-02-01,decile0.4,1.8
874,2013-03-01,decile0.4,1.8
875,2013-04-01,decile0.4,1.8
876,2013-05-01,decile0.4,1.8300000000000003
877,2013-06-01,decile0.4,1.85
878,2013-07-01,decile0.4,1.85
879,2013-08-01,decile0.4,1.9
880,2013-09-01,decile0.4,1.9
881,2013-10-01,decile0.4,1.9
882,2013-11-01,decile0.4,1.9
883,2013-12-01,decile0.4,1.9
884,2014-01-01,decile0.4,1.9
885,2014-02-01,decile0.4,1.9
886,2014-03-01,decile0.4,1.9
887,2014-04-01,decile0.4,1.9
888,2014-05-01,decile0.4,1.9
889,2014-06-01,decile0.4,1.9
890,2014-07-01,decile0.4,1.9
891,2014-08-01,decile0.4,1.9
892,2014-09-01,decile0.4,1.9
893,2014-10-01,decile0.4,1.9
894,2014-11-01,decile0.4,1.9
895,2014-12-01,decile0.4,1.9
896,2015-01-01,decile0.4,1.9
897,2015-02-01,decile0.4,1.9
898,2015-03-01,decile0.4,1.9
899,2015-04-01,decile0.4,1.9
900,2015-05-01,decile0.4,1.9
901,2015-06-01,decile0.4,1.9
902,2015-07-01,decile0.4,1.9
903,2015-08-01,decile0.4,1.9
904,2015-09-01,decile0.4,1.9
905,2015-10-01,decile0.4,1.95
906,2015-11-01,decile0.4,1.95
907,2015-12-01,decile0.4,1.95
908,2016-01-01,decile0.4,1.95
909,2016-02-01,decile0.4,1.95
910,2016-03-01,decile0.4,1.95
911,2016-04-01,decile0.4,2.0
912,2016-05-01,decile0.4,2.0
913,2016-06-01,decile0.4,2.0
914,2016-07-01,decile0.4,2.0
915,2016-08-01,decile0.4,2.0400000000000005
916,2016-09-01,decile0.4,2.0
917,2016-10-01,decile0.4,2.0
918,2016-11-01,decile0.4,2.0
919,2016-12-01,decile0.4,2.06999996
920,2017-01-01,decile0.4,2.0999999
921,2017-02-01,decile0.4,2.0999999
922,2017-03-01,decile0.4,2.0999999
923,2017-04-01,decile0.4,2.1500001
924,2017-05-01,decile0.4,2.1500001
925,2017-06-01,decile0.4,2.1500001
926,2017-07-01,decile0.4,2.1500001
927,2017-08-01,decile0.4,2.2
928,2017-09-01,decile0.4,2.1600000800000005
929,2017-10-01,decile0.4,2.2
930,2017-11-01,decile0.4,2.2
931,2017-12-01,decile0.4,2.2
932,2018-01-01,decile0.4,2.2
933,2018-02-01,decile0.4,2.202
934,2018-03-01,decile0.4,2.208
935,2018-04-01,decile0.4,2.25
936,2018-05-01,decile0.4,2.25
937,2018-06-01,decile0.4,2.25
938,2018-07-01,decile0.4,2.25
939,2018-08-01,decile0.4,2.25
940,2018-09-01,decile0.4,2.25
941,2018-10-01,decile0.4,2.25
942,2018-11-01,decile0.4,2.25
943,2018-12-01,decile0.4,2.3
944,2019-01-01,decile0.4,2.3
945,2019-02-01,decile0.4,2.3
946,2019-03-01,decile0.4,2.3
947,2019-04-01,decile0.4,2.3
948,2019-05-01,decile0.4,2.3499999
949,2019-06-01,decile0.4,2.3499999
950,2019-07-01,decile0.4,2.3499999
951,2019-08-01,decile0.4,2.3499999
952,2019-09-01,decile0.4,2.3499999
953,2019-10-01,decile0.4,2.3499999
954,2019-11-01,decile0.4,2.4000001
955,2019-12-01,decile0.4,2.4000001
956,2020-01-01,decile0.4,2.4000001
957,2020-02-01,decile0.4,2.45
958,2020-03-01,decile0.4,2.4800000000000004
959,2020-05-01,decile0.4,2.55
960,2020-06-01,decile0.4,2.4300000400000004
961,2020-07-01,decile0.4,2.45
962,2020-08-01,decile0.4,2.23
963,2020-09-01,decile0.4,2.2385999400000003
964,2020-10-01,decile0.4,2.2309999
965,2020-11-01,decile0.4,2.26
966,2020-12-01,decile0.4,2.3
967,2021-01-01,decile0.4,2.3199999
968,2021-02-01,decile0.4,2.4000001
969,2021-03-01,decile0.4,2.35239992
970,2021-04-01,decile0.4,2.36960002
971,2021-05-01,decile0.4,2.4000001
972,2021-06-01,decile0.4,2.4000001
973,2021-07-01,decile0.4,2.4000001
974,2021-08-01,decile0.4,2.4000001
975,2021-09-01,decile0.4,2.4000001
976,2021-10-01,decile0.4,2.5
977,2021-11-01,decile0.4,2.5
978,2021-12-01,decile0.4,2.5
979,2022-01-01,decile0.4,2.5
980,2022-02-01,decile0.4,2.5
981,2022-03-01,decile0.4,2.7
982,2022-04-01,decile0.4,2.8
983,2022-05-01,decile0.4,2.8
984,2022-06-01,decile0.4,2.8
985,2022-07-01,decile0.4,2.8
986,2022-08-01,decile0.4,2.9000001
987,2022-09-01,decile0.4,2.9000001
988,2022-10-01,decile0.4,2.9000001
989,2022-11-01,decile0.4,2.9000001
990,2022-12-01,decile0.4,2.9400000200000007
991,2023-01-01,decile0.4,2.95
992,2023-02-01,decile0.4,2.95
993,2023-03-01,decile0.4,2.95
994,2023-04-01,decile0.4,2.95
995,2023-05-01,decile0.4,2.95
996,2023-06-01,decile0.4,3.0
997,2023-07-01,decile0.4,3.0
998,2023-08-01,decile0.4,3.0999999
999,2023-09-01,decile0.4,3.0999999
1000,2023-10-01,decile0.4,3.0999999
1001,2023-11-01,decile0.4,3.06999996
1002,2023-12-01,decile0.4,3.0999999
1003,2024-01-01,decile0.4,3.0999999
1004,2003-02-01,decile0.5,1.3
1005,2003-03-01,decile0.5,1.3
1006,2003-04-01,decile0.5,1.3
1007,2003-05-01,decile0.5,1.3
1008,2003-06-01,decile0.5,1.3
1009,2003-07-01,decile0.5,1.3
1010,2003-08-01,decile0.5,1.3
1011,2003-09-01,decile0.5,1.3
1012,2003-10-01,decile0.5,1.34
1013,2003-11-01,decile0.5,1.35
1014,2003-12-01,decile0.5,1.3
1015,2004-01-01,decile0.5,1.35
1016,2004-02-01,decile0.5,1.3
1017,2004-03-01,decile0.5,1.3
1018,2004-04-01,decile0.5,1.3
1019,2004-05-01,decile0.5,1.3
1020,2004-06-01,decile0.5,1.3
1021,2004-07-01,decile0.5,1.3
1022,2004-08-01,decile0.5,1.3
1023,2004-09-01,decile0.5,1.3
1024,2004-10-01,decile0.5,1.3
1025,2004-11-01,decile0.5,1.35
1026,2004-12-01,decile0.5,1.35
1027,2005-01-01,decile0.5,1.35
1028,2005-02-01,decile0.5,1.3
1029,2005-03-01,decile0.5,1.3
1030,2005-04-01,decile0.5,1.35
1031,2005-05-01,decile0.5,1.315
1032,2005-06-01,decile0.5,1.4
1033,2005-07-01,decile0.5,1.4
1034,2005-08-01,decile0.5,1.4
1035,2005-09-01,decile0.5,1.4
1036,2005-10-01,decile0.5,1.4
1037,2005-11-01,decile0.5,1.4
1038,2005-12-01,decile0.5,1.4
1039,2006-01-01,decile0.5,1.4249999999999998
1040,2006-02-01,decile0.5,1.45
1041,2006-03-01,decile0.5,1.45
1042,2006-04-01,decile0.5,1.45
1043,2006-05-01,decile0.5,1.45
1044,2006-06-01,decile0.5,1.45
1045,2006-07-01,decile0.5,1.5
1046,2006-08-01,decile0.5,1.5
1047,2006-09-01,decile0.5,1.5
1048,2006-10-01,decile0.5,1.5
1049,2006-11-01,decile0.5,1.5
1050,2006-12-01,decile0.5,1.5
1051,2007-01-01,decile0.5,1.5
1052,2007-02-01,decile0.5,1.5
1053,2007-03-01,decile0.5,1.5
1054,2007-04-01,decile0.5,1.5
1055,2007-05-01,decile0.5,1.5
1056,2007-06-01,decile0.5,1.5
1057,2007-07-01,decile0.5,1.5
1058,2007-08-01,decile0.5,1.5
1059,2007-09-01,decile0.5,1.6
1060,2007-10-01,decile0.5,1.6
1061,2007-11-01,decile0.5,1.6
1062,2007-12-01,decile0.5,1.6
1063,2008-01-01,decile0.5,1.6
1064,2008-02-01,decile0.5,1.65
1065,2008-03-01,decile0.5,1.7
1066,2008-04-01,decile0.5,1.75
1067,2008-05-01,decile0.5,1.75
1068,2008-06-01,decile0.5,1.75
1069,2008-07-01,decile0.5,1.8
1070,2008-08-01,decile0.5,1.8
1071,2008-09-01,decile0.5,1.8
1072,2008-10-01,decile0.5,1.8
1073,2008-11-01,decile0.5,1.85
1074,2008-12-01,decile0.5,1.8
1075,2009-01-01,decile0.5,1.8099999
1076,2009-02-01,decile0.5,1.8099999
1077,2009-03-01,decile0.5,1.85
1078,2009-04-01,decile0.5,1.85
1079,2009-05-01,decile0.5,1.85
1080,2009-06-01,decile0.5,1.85
1081,2009-07-01,decile0.5,1.85
1082,2009-08-01,decile0.5,1.85
1083,2009-09-01,decile0.5,1.85
1084,2009-10-01,decile0.5,1.85
1085,2009-11-01,decile0.5,1.85
1086,2009-12-01,decile0.5,1.85
1087,2010-01-01,decile0.5,1.85
1088,2010-02-01,decile0.5,1.85
1089,2010-03-01,decile0.5,1.8
1090,2010-04-01,decile0.5,1.8
1091,2010-05-01,decile0.5,1.825
1092,2010-06-01,decile0.5,1.8
1093,2010-07-01,decile0.5,1.825
1094,2010-08-01,decile0.5,1.85
1095,2010-09-01,decile0.5,1.85
1096,2010-10-01,decile0.5,1.85
1097,2010-11-01,decile0.5,1.89
1098,2010-12-01,decile0.5,1.9
1099,2011-01-01,decile0.5,1.9
1100,2011-02-01,decile0.5,1.9
1101,2011-03-01,decile0.5,1.9
1102,2011-04-01,decile0.5,1.9
1103,2011-05-01,decile0.5,1.9
1104,2011-06-01,decile0.5,1.9
1105,2011-07-01,decile0.5,1.9
1106,2011-08-01,decile0.5,1.9
1107,2011-09-01,decile0.5,1.95
1108,2011-10-01,decile0.5,1.95
1109,2011-11-01,decile0.5,1.925
1110,2011-12-01,decile0.5,1.95
1111,2012-01-01,decile0.5,1.95
1112,2012-02-01,decile0.5,1.82999995
1113,2012-03-01,decile0.5,1.85
1114,2012-04-01,decile0.5,1.80499995
1115,2012-05-01,decile0.5,1.85
1116,2012-06-01,decile0.5,1.85
1117,2012-07-01,decile0.5,1.85
1118,2012-08-01,decile0.5,1.85
1119,2012-09-01,decile0.5,1.9
1120,2012-10-01,decile0.5,1.85
1121,2012-11-01,decile0.5,1.9
1122,2012-12-01,decile0.5,1.9
1123,2013-01-01,decile0.5,1.9
1124,2013-02-01,decile0.5,1.95
1125,2013-03-01,decile0.5,1.95
1126,2013-04-01,decile0.5,1.95
1127,2013-05-01,decile0.5,1.95
1128,2013-06-01,decile0.5,1.975
1129,2013-07-01,decile0.5,1.95
1130,2013-08-01,decile0.5,1.975
1131,2013-09-01,decile0.5,2.0
1132,2013-10-01,decile0.5,2.0
1133,2013-11-01,decile0.5,2.0
1134,2013-12-01,decile0.5,2.0
1135,2014-01-01,decile0.5,2.0
1136,2014-02-01,decile0.5,2.0
1137,2014-03-01,decile0.5,2.0
1138,2014-04-01,decile0.5,2.0
1139,2014-05-01,decile0.5,2.0
1140,2014-06-01,decile0.5,2.0
1141,2014-07-01,decile0.5,2.0
1142,2014-08-01,decile0.5,2.0
1143,2014-09-01,decile0.5,2.0
1144,2014-10-01,decile0.5,2.0
1145,2014-11-01,decile0.5,2.05
1146,2014-12-01,decile0.5,2.0999999
1147,2015-01-01,decile0.5,2.0999999
1148,2015-02-01,decile0.5,2.0999999
1149,2015-03-01,decile0.5,2.05
1150,2015-04-01,decile0.5,2.05
1151,2015-05-01,decile0.5,2.0999999
1152,2015-06-01,decile0.5,2.0999999
1153,2015-07-01,decile0.5,2.0999999
1154,2015-08-01,decile0.5,2.0999999
1155,2015-09-01,decile0.5,2.0999999
1156,2015-10-01,decile0.5,2.0999999
1157,2015-11-01,decile0.5,2.0999999
1158,2015-12-01,decile0.5,2.1500001
1159,2016-01-01,decile0.5,2.1500001
1160,2016-02-01,decile0.5,2.1500001
1161,2016-03-01,decile0.5,2.1500001
1162,2016-04-01,decile0.5,2.2
1163,2016-05-01,decile0.5,2.2
1164,2016-06-01,decile0.5,2.2
1165,2016-07-01,decile0.5,2.2
1166,2016-08-01,decile0.5,2.2
1167,2016-09-01,decile0.5,2.2
1168,2016-10-01,decile0.5,2.2
1169,2016-11-01,decile0.5,2.2
1170,2016-12-01,decile0.5,2.2
1171,2017-01-01,decile0.5,2.2
1172,2017-02-01,decile0.5,2.2
1173,2017-03-01,decile0.5,2.2
1174,2017-04-01,decile0.5,2.2
1175,2017-05-01,decile0.5,2.25
1176,2017-06-01,decile0.5,2.21
1177,2017-07-01,decile0.5,2.205
1178,2017-08-01,decile0.5,2.25
1179,2017-09-01,decile0.5,2.25
1180,2017-10-01,decile0.5,2.25
1181,2017-11-01,decile0.5,2.25
1182,2017-12-01,decile0.5,2.25
1183,2018-01-01,decile0.5,2.275
1184,2018-02-01,decile0.5,2.3
1185,2018-03-01,decile0.5,2.3
1186,2018-04-01,decile0.5,2.3
1187,2018-05-01,decile0.5,2.3
1188,2018-06-01,decile0.5,2.3499999
1189,2018-07-01,decile0.5,2.3499999
1190,2018-08-01,decile0.5,2.3
1191,2018-09-01,decile0.5,2.3499999
1192,2018-10-01,decile0.5,2.3
1193,2018-11-01,decile0.5,2.3499999
1194,2018-12-01,decile0.5,2.4000001
1195,2019-01-01,decile0.5,2.4000001
1196,2019-02-01,decile0.5,2.4000001
1197,2019-03-01,decile0.5,2.45
1198,2019-04-01,decile0.5,2.45
1199,2019-05-01,decile0.5,2.45
1200,2019-06-01,decile0.5,2.45
1201,2019-07-01,decile0.5,2.45
1202,2019-08-01,decile0.5,2.45
1203,2019-09-01,decile0.5,2.45
1204,2019-10-01,decile0.5,2.45
1205,2019-11-01,decile0.5,2.5
1206,2019-12-01,decile0.5,2.5
1207,2020-01-01,decile0.5,2.5
1208,2020-02-01,decile0.5,2.55
1209,2020-03-01,decile0.5,2.55
1210,2020-05-01,decile0.5,2.55
1211,2020-06-01,decile0.5,2.5
1212,2020-07-01,decile0.5,2.55
1213,2020-08-01,decile0.5,2.3
1214,2020-09-01,decile0.5,2.3299999
1215,2020-10-01,decile0.5,2.375
1216,2020-11-01,decile0.5,2.35599995
1217,2020-12-01,decile0.5,2.3499999
1218,2021-01-01,decile0.5,2.4059999
1219,2021-02-01,decile0.5,2.5
1220,2021-03-01,decile0.5,2.45
1221,2021-04-01,decile0.5,2.5
1222,2021-05-01,decile0.5,2.55
1223,2021-06-01,decile0.5,2.55
1224,2021-07-01,decile0.5,2.5
1225,2021-08-01,decile0.5,2.55
1226,2021-09-01,decile0.5,2.54349995
1227,2021-10-01,decile0.5,2.5999999
1228,2021-11-01,decile0.5,2.5999999
1229,2021-12-01,decile0.5,2.6500001
1230,2022-01-01,decile0.5,2.6500001
1231,2022-02-01,decile0.5,2.7
1232,2022-03-01,decile0.5,2.8
1233,2022-04-01,decile0.5,2.8
1234,2022-05-01,decile0.5,2.8
1235,2022-06-01,decile0.5,2.9000001
1236,2022-07-01,decile0.5,2.95
1237,2022-08-01,decile0.5,2.95
1238,2022-09-01,decile0.5,2.97
1239,2022-10-01,decile0.5,2.99
1240,2022-11-01,decile0.5,3.05
1241,2022-12-01,decile0.5,3.05
1242,2023-01-01,decile0.5,3.05
1243,2023-02-01,decile0.5,3.05
1244,2023-03-01,decile0.5,3.05
1245,2023-04-01,decile0.5,3.05
1246,2023-05-01,decile0.5,3.1500001
1247,2023-06-01,decile0.5,3.1500001
1248,2023-07-01,decile0.5,3.2
1249,2023-08-01,decile0.5,3.2
1250,2023-09-01,decile0.5,3.25
1251,2023-10-01,decile0.5,3.25
1252,2023-11-01,decile0.5,3.25
1253,2023-12-01,decile0.5,3.25
1254,2024-01-01,decile0.5,3.25
1255,2003-02-01,decile0.6,1.4
1256,2003-03-01,decile0.6,1.4
1257,2003-04-01,decile0.6,1.4
1258,2003-05-01,decile0.6,1.4
1259,2003-06-01,decile0.6,1.4
1260,2003-07-01,decile0.6,1.4
1261,2003-08-01,decile0.6,1.4
1262,2003-09-01,decile0.6,1.4
1263,2003-10-01,decile0.6,1.4
1264,2003-11-01,decile0.6,1.45
1265,2003-12-01,decile0.6,1.4
1266,2004-01-01,decile0.6,1.45
1267,2004-02-01,decile0.6,1.4
1268,2004-03-01,decile0.6,1.4
1269,2004-04-01,decile0.6,1.4
1270,2004-05-01,decile0.6,1.4
1271,2004-06-01,decile0.6,1.4
1272,2004-07-01,decile0.6,1.4
1273,2004-08-01,decile0.6,1.4
1274,2004-09-01,decile0.6,1.4
1275,2004-10-01,decile0.6,1.4
1276,2004-11-01,decile0.6,1.45
1277,2004-12-01,decile0.6,1.49
1278,2005-01-01,decile0.6,1.5
1279,2005-02-01,decile0.6,1.45
1280,2005-03-01,decile0.6,1.45
1281,2005-04-01,decile0.6,1.5
1282,2005-05-01,decile0.6,1.45
1283,2005-06-01,decile0.6,1.5
1284,2005-07-01,decile0.6,1.5
1285,2005-08-01,decile0.6,1.5
1286,2005-09-01,decile0.6,1.5
1287,2005-10-01,decile0.6,1.5
1288,2005-11-01,decile0.6,1.5
1289,2005-12-01,decile0.6,1.5
1290,2006-01-01,decile0.6,1.5
1291,2006-02-01,decile0.6,1.55
1292,2006-03-01,decile0.6,1.55
1293,2006-04-01,decile0.6,1.55
1294,2006-05-01,decile0.6,1.55
1295,2006-06-01,decile0.6,1.55
1296,2006-07-01,decile0.6,1.55
1297,2006-08-01,decile0.6,1.6
1298,2006-09-01,decile0.6,1.55
1299,2006-10-01,decile0.6,1.55
1300,2006-11-01,decile0.6,1.6
1301,2006-12-01,decile0.6,1.6
1302,2007-01-01,decile0.6,1.6200000000000003
1303,2007-02-01,decile0.6,1.65
1304,2007-03-01,decile0.6,1.65
1305,2007-04-01,decile0.6,1.65
1306,2007-05-01,decile0.6,1.65
1307,2007-06-01,decile0.6,1.65
1308,2007-07-01,decile0.6,1.65
1309,2007-08-01,decile0.6,1.6739999199999995
1310,2007-09-01,decile0.6,1.7
1311,2007-10-01,decile0.6,1.7
1312,2007-11-01,decile0.6,1.7
1313,2007-12-01,decile0.6,1.7
1314,2008-01-01,decile0.6,1.7
1315,2008-02-01,decile0.6,1.79
1316,2008-03-01,decile0.6,1.8
1317,2008-04-01,decile0.6,1.85
1318,2008-05-01,decile0.6,1.85
1319,2008-06-01,decile0.6,1.85
1320,2008-07-01,decile0.6,1.85
1321,2008-08-01,decile0.6,1.85
1322,2008-09-01,decile0.6,1.9
1323,2008-10-01,decile0.6,1.9
1324,2008-11-01,decile0.6,1.9
1325,2008-12-01,decile0.6,1.9
1326,2009-01-01,decile0.6,1.904
1327,2009-02-01,decile0.6,1.9
1328,2009-03-01,decile0.6,1.95
1329,2009-04-01,decile0.6,1.95
1330,2009-05-01,decile0.6,1.95
1331,2009-06-01,decile0.6,1.95
1332,2009-07-01,decile0.6,1.95
1333,2009-08-01,decile0.6,1.95
1334,2009-09-01,decile0.6,1.95
1335,2009-10-01,decile0.6,1.95
1336,2009-11-01,decile0.6,1.95
1337,2009-12-01,decile0.6,1.95
1338,2010-01-01,decile0.6,1.99
1339,2010-02-01,decile0.6,1.95
1340,2010-03-01,decile0.6,1.95
1341,2010-04-01,decile0.6,1.962
1342,2010-05-01,decile0.6,1.99
1343,2010-06-01,decile0.6,1.99
1344,2010-07-01,decile0.6,2.0
1345,2010-08-01,decile0.6,2.0
1346,2010-09-01,decile0.6,2.0
1347,2010-10-01,decile0.6,1.994
1348,2010-11-01,decile0.6,2.0
1349,2010-12-01,decile0.6,2.0
1350,2011-01-01,decile0.6,2.0
1351,2011-02-01,decile0.6,2.0
1352,2011-03-01,decile0.6,2.0
1353,2011-04-01,decile0.6,2.0
1354,2011-05-01,decile0.6,2.0
1355,2011-06-01,decile0.6,2.0
1356,2011-07-01,decile0.6,2.0
1357,2011-08-01,decile0.6,2.0
1358,2011-09-01,decile0.6,2.02
1359,2011-10-01,decile0.6,2.0099999999999993
1360,2011-11-01,decile0.6,2.02
1361,2011-12-01,decile0.6,2.05
1362,2012-01-01,decile0.6,2.05799996
1363,2012-02-01,decile0.6,2.0
1364,2012-03-01,decile0.6,2.0
1365,2012-04-01,decile0.6,2.0
1366,2012-05-01,decile0.6,2.0
1367,2012-06-01,decile0.6,2.0
1368,2012-07-01,decile0.6,2.0
1369,2012-08-01,decile0.6,2.0
1370,2012-09-01,decile0.6,2.0
1371,2012-10-01,decile0.6,2.0
1372,2012-11-01,decile0.6,2.008
1373,2012-12-01,decile0.6,2.0039999999999996
1374,2013-01-01,decile0.6,2.0039999999999996
1375,2013-02-01,decile0.6,2.1400000599999993
1376,2013-03-01,decile0.6,2.11999998
1377,2013-04-01,decile0.6,2.1500001
1378,2013-05-01,decile0.6,2.1500001
1379,2013-06-01,decile0.6,2.1500001
1380,2013-07-01,decile0.6,2.1500001
1381,2013-08-01,decile0.6,2.1500001
1382,2013-09-01,decile0.6,2.1500001
1383,2013-10-01,decile0.6,2.1500001
1384,2013-11-01,decile0.6,2.1500001
1385,2013-12-01,decile0.6,2.1500001
1386,2014-01-01,decile0.6,2.1500001
1387,2014-02-01,decile0.6,2.1500001
1388,2014-03-01,decile0.6,2.1500001
1389,2014-04-01,decile0.6,2.1500001
1390,2014-05-01,decile0.6,2.1500001
1391,2014-06-01,decile0.6,2.1500001
1392,2014-07-01,decile0.6,2.1500001
1393,2014-08-01,decile0.6,2.1500001
1394,2014-09-01,decile0.6,2.1500001
1395,2014-10-01,decile0.6,2.1500001
1396,2014-11-01,decile0.6,2.1500001
1397,2014-12-01,decile0.6,2.1500001
1398,2015-01-01,decile0.6,2.1500001
1399,2015-02-01,decile0.6,2.1500001
1400,2015-03-01,decile0.6,2.1500001
1401,2015-04-01,decile0.6,2.1500001
1402,2015-05-01,decile0.6,2.1500001
1403,2015-06-01,decile0.6,2.1500001
1404,2015-07-01,decile0.6,2.1500001
1405,2015-08-01,decile0.6,2.1500001
1406,2015-09-01,decile0.6,2.1500001
1407,2015-10-01,decile0.6,2.1500001
1408,2015-11-01,decile0.6,2.1500001
1409,2015-12-01,decile0.6,2.1500001
1410,2016-01-01,decile0.6,2.204
1411,2016-02-01,decile0.6,2.25
1412,2016-03-01,decile0.6,2.25
1413,2016-04-01,decile0.6,2.25
1414,2016-05-01,decile0.6,2.25
1415,2016-06-01,decile0.6,2.25
1416,2016-07-01,decile0.6,2.25
1417,2016-08-01,decile0.6,2.25
1418,2016-09-01,decile0.6,2.25
1419,2016-10-01,decile0.6,2.25
1420,2016-11-01,decile0.6,2.25
1421,2016-12-01,decile0.6,2.25
1422,2017-01-01,decile0.6,2.25
1423,2017-02-01,decile0.6,2.25
1424,2017-03-01,decile0.6,2.25
1425,2017-04-01,decile0.6,2.3
1426,2017-05-01,decile0.6,2.3
1427,2017-06-01,decile0.6,2.3499999
1428,2017-07-01,decile0.6,2.3499999
1429,2017-08-01,decile0.6,2.3499999
1430,2017-09-01,decile0.6,2.3499999
1431,2017-10-01,decile0.6,2.3499999
1432,2017-11-01,decile0.6,2.3499999
1433,2017-12-01,decile0.6,2.3499999
1434,2018-01-01,decile0.6,2.3499999
1435,2018-02-01,decile0.6,2.3499999
1436,2018-03-01,decile0.6,2.3499999
1437,2018-04-01,decile0.6,2.3499999
1438,2018-05-01,decile0.6,2.3499999
1439,2018-06-01,decile0.6,2.3499999
1440,2018-07-01,decile0.6,2.3499999
1441,2018-08-01,decile0.6,2.3499999
1442,2018-09-01,decile0.6,2.3499999
1443,2018-10-01,decile0.6,2.3499999
1444,2018-11-01,decile0.6,2.45
1445,2018-12-01,decile0.6,2.45
1446,2019-01-01,decile0.6,2.45
1447,2019-02-01,decile0.6,2.45
1448,2019-03-01,decile0.6,2.45
1449,2019-04-01,decile0.6,2.45
1450,2019-05-01,decile0.6,2.45
1451,2019-06-01,decile0.6,2.45
1452,2019-07-01,decile0.6,2.45
1453,2019-08-01,decile0.6,2.45
1454,2019-09-01,decile0.6,2.45
1455,2019-10-01,decile0.6,2.45
1456,2019-11-01,decile0.6,2.55
1457,2019-12-01,decile0.6,2.55
1458,2020-01-01,decile0.6,2.55
1459,2020-02-01,decile0.6,2.55
1460,2020-03-01,decile0.6,2.55
1461,2020-05-01,decile0.6,2.55
1462,2020-06-01,decile0.6,2.55
1463,2020-07-01,decile0.6,2.55
1464,2020-08-01,decile0.6,2.4000001
1465,2020-09-01,decile0.6,2.4764
1466,2020-10-01,decile0.6,2.5
1467,2020-11-01,decile0.6,2.45
1468,2020-12-01,decile0.6,2.5
1469,2021-01-01,decile0.6,2.5
1470,2021-02-01,decile0.6,2.588600019999999
1471,2021-03-01,decile0.6,2.5748000799999997
1472,2021-04-01,decile0.6,2.6500001
1473,2021-05-01,decile0.6,2.6500001
1474,2021-06-01,decile0.6,2.6500001
1475,2021-07-01,decile0.6,2.6500001
1476,2021-08-01,decile0.6,2.6500001
1477,2021-09-01,decile0.6,2.6500001
1478,2021-10-01,decile0.6,2.6500001
1479,2021-11-01,decile0.6,2.75
1480,2021-12-01,decile0.6,2.8
1481,2022-01-01,decile0.6,2.8
1482,2022-02-01,decile0.6,2.8
1483,2022-03-01,decile0.6,2.8
1484,2022-04-01,decile0.6,2.8
1485,2022-05-01,decile0.6,2.86599998
1486,2022-06-01,decile0.6,2.95
1487,2022-07-01,decile0.6,2.99
1488,2022-08-01,decile0.6,3.0
1489,2022-09-01,decile0.6,3.05
1490,2022-10-01,decile0.6,3.05
1491,2022-11-01,decile0.6,3.05
1492,2022-12-01,decile0.6,3.05
1493,2023-01-01,decile0.6,3.05
1494,2023-02-01,decile0.6,3.05
1495,2023-03-01,decile0.6,3.05
1496,2023-04-01,decile0.6,3.05
1497,2023-05-01,decile0.6,3.25
1498,2023-06-01,decile0.6,3.25
1499,2023-07-01,decile0.6,3.25
1500,2023-08-01,decile0.6,3.25
1501,2023-09-01,decile0.6,3.3
1502,2023-10-01,decile0.6,3.3499999
1503,2023-11-01,decile0.6,3.3499999
1504,2023-12-01,decile0.6,3.3499999
1505,2024-01-01,decile0.6,3.3499999
1506,2003-02-01,decile0.7,1.5
1507,2003-03-01,decile0.7,1.5
1508,2003-04-01,decile0.7,1.5
1509,2003-05-01,decile0.7,1.5
1510,2003-06-01,decile0.7,1.5
1511,2003-07-01,decile0.7,1.55
1512,2003-08-01,decile0.7,1.55
1513,2003-09-01,decile0.7,1.55
1514,2003-10-01,decile0.7,1.55
1515,2003-11-01,decile0.7,1.55
1516,2003-12-01,decile0.7,1.55
1517,2004-01-01,decile0.7,1.5539999999999998
1518,2004-02-01,decile0.7,1.5
1519,2004-03-01,decile0.7,1.5
1520,2004-04-01,decile0.7,1.5
1521,2004-05-01,decile0.7,1.5
1522,2004-06-01,decile0.7,1.5
1523,2004-07-01,decile0.7,1.5
1524,2004-08-01,decile0.7,1.5
1525,2004-09-01,decile0.7,1.5
1526,2004-10-01,decile0.7,1.5299999999999998
1527,2004-11-01,decile0.7,1.55
1528,2004-12-01,decile0.7,1.55
1529,2005-01-01,decile0.7,1.55
1530,2005-02-01,decile0.7,1.55
1531,2005-03-01,decile0.7,1.5779999999999996
1532,2005-04-01,decile0.7,1.59
1533,2005-05-01,decile0.7,1.55
1534,2005-06-01,decile0.7,1.6
1535,2005-07-01,decile0.7,1.6
1536,2005-08-01,decile0.7,1.6
1537,2005-09-01,decile0.7,1.6
1538,2005-10-01,decile0.7,1.6
1539,2005-11-01,decile0.7,1.65
1540,2005-12-01,decile0.7,1.65
1541,2006-01-01,decile0.7,1.65
1542,2006-02-01,decile0.7,1.7
1543,2006-03-01,decile0.7,1.7
1544,2006-04-01,decile0.7,1.7
1545,2006-05-01,decile0.7,1.7
1546,2006-06-01,decile0.7,1.7
1547,2006-07-01,decile0.7,1.7
1548,2006-08-01,decile0.7,1.7
1549,2006-09-01,decile0.7,1.7
1550,2006-10-01,decile0.7,1.7
1551,2006-11-01,decile0.7,1.7
1552,2006-12-01,decile0.7,1.75
1553,2007-01-01,decile0.7,1.75
1554,2007-02-01,decile0.7,1.75
1555,2007-03-01,decile0.7,1.75
1556,2007-04-01,decile0.7,1.79
1557,2007-05-01,decile0.7,1.75
1558,2007-06-01,decile0.7,1.79
1559,2007-07-01,decile0.7,1.75
1560,2007-08-01,decile0.7,1.75
1561,2007-09-01,decile0.7,1.79
1562,2007-10-01,decile0.7,1.8
1563,2007-11-01,decile0.7,1.8
1564,2007-12-01,decile0.7,1.8
1565,2008-01-01,decile0.7,1.85
1566,2008-02-01,decile0.7,1.85
1567,2008-03-01,decile0.7,1.85
1568,2008-04-01,decile0.7,1.89
1569,2008-05-01,decile0.7,1.9
1570,2008-06-01,decile0.7,1.95
1571,2008-07-01,decile0.7,1.95
1572,2008-08-01,decile0.7,1.95
1573,2008-09-01,decile0.7,1.95
1574,2008-10-01,decile0.7,1.974
1575,2008-11-01,decile0.7,1.95
1576,2008-12-01,decile0.7,1.95
1577,2009-01-01,decile0.7,1.95
1578,2009-02-01,decile0.7,1.95
1579,2009-03-01,decile0.7,1.99
1580,2009-04-01,decile0.7,1.99
1581,2009-05-01,decile0.7,1.99
1582,2009-06-01,decile0.7,1.99
1583,2009-07-01,decile0.7,1.99
1584,2009-08-01,decile0.7,1.99
1585,2009-09-01,decile0.7,1.99
1586,2009-10-01,decile0.7,1.99
1587,2009-11-01,decile0.7,1.99
1588,2009-12-01,decile0.7,1.99
1589,2010-01-01,decile0.7,2.0
1590,2010-02-01,decile0.7,2.0
1591,2010-03-01,decile0.7,2.0
1592,2010-04-01,decile0.7,2.0
1593,2010-05-01,decile0.7,2.05
1594,2010-06-01,decile0.7,2.05
1595,2010-07-01,decile0.7,2.05
1596,2010-08-01,decile0.7,2.05
1597,2010-09-01,decile0.7,2.05
1598,2010-10-01,decile0.7,2.039999999999999
1599,2010-11-01,decile0.7,2.05
1600,2010-12-01,decile0.7,2.05
1601,2011-01-01,decile0.7,2.0999999
1602,2011-02-01,decile0.7,2.0999999
1603,2011-03-01,decile0.7,2.0999999
1604,2011-04-01,decile0.7,2.0999999
1605,2011-05-01,decile0.7,2.0999999
1606,2011-06-01,decile0.7,2.0999999
1607,2011-07-01,decile0.7,2.0999999
1608,2011-08-01,decile0.7,2.0999999
1609,2011-09-01,decile0.7,2.1500001
1610,2011-10-01,decile0.7,2.1500001
1611,2011-11-01,decile0.7,2.1500001
1612,2011-12-01,decile0.7,2.1500001
1613,2012-01-01,decile0.7,2.1500001
1614,2012-02-01,decile0.7,2.1500001
1615,2012-03-01,decile0.7,2.1500001
1616,2012-04-01,decile0.7,2.1500001
1617,2012-05-01,decile0.7,2.1500001
1618,2012-06-01,decile0.7,2.1500001
1619,2012-07-01,decile0.7,2.1500001
1620,2012-08-01,decile0.7,2.1500001
1621,2012-09-01,decile0.7,2.1500001
1622,2012-10-01,decile0.7,2.1500001
1623,2012-11-01,decile0.7,2.1500001
1624,2012-12-01,decile0.7,2.1500001
1625,2013-01-01,decile0.7,2.1500001
1626,2013-02-01,decile0.7,2.1500001
1627,2013-03-01,decile0.7,2.1500001
1628,2013-04-01,decile0.7,2.1500001
1629,2013-05-01,decile0.7,2.1500001
1630,2013-06-01,decile0.7,2.1500001
1631,2013-07-01,decile0.7,2.1500001
1632,2013-08-01,decile0.7,2.1500001
1633,2013-09-01,decile0.7,2.1500001
1634,2013-10-01,decile0.7,2.1500001
1635,2013-11-01,decile0.7,2.1500001
1636,2013-12-01,decile0.7,2.1500001
1637,2014-01-01,decile0.7,2.1500001
1638,2014-02-01,decile0.7,2.1500001
1639,2014-03-01,decile0.7,2.1500001
1640,2014-04-01,decile0.7,2.1580001
1641,2014-05-01,decile0.7,2.2
1642,2014-06-01,decile0.7,2.2
1643,2014-07-01,decile0.7,2.2
1644,2014-08-01,decile0.7,2.2
1645,2014-09-01,decile0.7,2.2
1646,2014-10-01,decile0.7,2.2
1647,2014-11-01,decile0.7,2.2
1648,2014-12-01,decile0.7,2.2
1649,2015-01-01,decile0.7,2.2
1650,2015-02-01,decile0.7,2.2
1651,2015-03-01,decile0.7,2.2
1652,2015-04-01,decile0.7,2.2
1653,2015-05-01,decile0.7,2.2
1654,2015-06-01,decile0.7,2.2
1655,2015-07-01,decile0.7,2.2
1656,2015-08-01,decile0.7,2.2
1657,2015-09-01,decile0.7,2.2
1658,2015-10-01,decile0.7,2.2
1659,2015-11-01,decile0.7,2.2
1660,2015-12-01,decile0.7,2.2
1661,2016-01-01,decile0.7,2.25
1662,2016-02-01,decile0.7,2.25
1663,2016-03-01,decile0.7,2.25
1664,2016-04-01,decile0.7,2.25
1665,2016-05-01,decile0.7,2.25
1666,2016-06-01,decile0.7,2.25
1667,2016-07-01,decile0.7,2.25
1668,2016-08-01,decile0.7,2.25
1669,2016-09-01,decile0.7,2.25
1670,2016-10-01,decile0.7,2.25
1671,2016-11-01,decile0.7,2.25
1672,2016-12-01,decile0.7,2.25
1673,2017-01-01,decile0.7,2.25
1674,2017-02-01,decile0.7,2.3499999
1675,2017-03-01,decile0.7,2.3499999
1676,2017-04-01,decile0.7,2.3499999
1677,2017-05-01,decile0.7,2.3499999
1678,2017-06-01,decile0.7,2.3499999
1679,2017-07-01,decile0.7,2.3499999
1680,2017-08-01,decile0.7,2.3499999
1681,2017-09-01,decile0.7,2.3499999
1682,2017-10-01,decile0.7,2.3499999
1683,2017-11-01,decile0.7,2.3499999
1684,2017-12-01,decile0.7,2.3499999
1685,2018-01-01,decile0.7,2.3499999
1686,2018-02-01,decile0.7,2.3499999
1687,2018-03-01,decile0.7,2.3499999
1688,2018-04-01,decile0.7,2.3980001
1689,2018-05-01,decile0.7,2.4000001
1690,2018-06-01,decile0.7,2.4000001
1691,2018-07-01,decile0.7,2.4000001
1692,2018-08-01,decile0.7,2.4000001
1693,2018-09-01,decile0.7,2.4000001
1694,2018-10-01,decile0.7,2.4080001
1695,2018-11-01,decile0.7,2.45
1696,2018-12-01,decile0.7,2.45
1697,2019-01-01,decile0.7,2.45
1698,2019-02-01,decile0.7,2.45
1699,2019-03-01,decile0.7,2.475
1700,2019-04-01,decile0.7,2.5
1701,2019-05-01,decile0.7,2.5
1702,2019-06-01,decile0.7,2.5
1703,2019-07-01,decile0.7,2.51
1704,2019-08-01,decile0.7,2.506
1705,2019-09-01,decile0.7,2.55
1706,2019-10-01,decile0.7,2.55
1707,2019-11-01,decile0.7,2.55
1708,2019-12-01,decile0.7,2.55
1709,2020-01-01,decile0.7,2.5999999
1710,2020-02-01,decile0.7,2.6500001
1711,2020-03-01,decile0.7,2.6500001
1712,2020-05-01,decile0.7,2.65
1713,2020-06-01,decile0.7,2.5999999
1714,2020-07-01,decile0.7,2.6500001
1715,2020-08-01,decile0.7,2.55
1716,2020-09-01,decile0.7,2.5919999
1717,2020-10-01,decile0.7,2.5999999
1718,2020-11-01,decile0.7,2.55
1719,2020-12-01,decile0.7,2.6149999599999996
1720,2021-01-01,decile0.7,2.6500001
1721,2021-02-01,decile0.7,2.6500001
1722,2021-03-01,decile0.7,2.6500001
1723,2021-04-01,decile0.7,2.6500001
1724,2021-05-01,decile0.7,2.6500001
1725,2021-06-01,decile0.7,2.7099999999999995
1726,2021-07-01,decile0.7,2.7
1727,2021-08-01,decile0.7,2.7
1728,2021-09-01,decile0.7,2.7
1729,2021-10-01,decile0.7,2.75
1730,2021-11-01,decile0.7,2.8
1731,2021-12-01,decile0.7,2.8499999
1732,2022-01-01,decile0.7,2.8499999
1733,2022-02-01,decile0.7,2.8499999
1734,2022-03-01,decile0.7,2.9000001
1735,2022-04-01,decile0.7,2.9000001
1736,2022-05-01,decile0.7,2.95
1737,2022-06-01,decile0.7,3.05
1738,2022-07-01,decile0.7,3.05
1739,2022-08-01,decile0.7,3.05
1740,2022-09-01,decile0.7,3.05
1741,2022-10-01,decile0.7,3.05
1742,2022-11-01,decile0.7,3.0999999
1743,2022-12-01,decile0.7,3.119999979999999
1744,2023-01-01,decile0.7,3.1500001
1745,2023-02-01,decile0.7,3.1500001
1746,2023-03-01,decile0.7,3.1500001
1747,2023-04-01,decile0.7,3.2
1748,2023-05-01,decile0.7,3.25
1749,2023-06-01,decile0.7,3.25
1750,2023-07-01,decile0.7,3.25
1751,2023-08-01,decile0.7,3.25
1752,2023-09-01,decile0.7,3.4000001
1753,2023-10-01,decile0.7,3.4000001
1754,2023-11-01,decile0.7,3.4000001
1755,2023-12-01,decile0.7,3.45
1756,2024-01-01,decile0.7,3.45
1757,2003-02-01,decile0.8,1.7
1758,2003-03-01,decile0.8,1.7
1759,2003-04-01,decile0.8,1.7
1760,2003-05-01,decile0.8,1.7
1761,2003-06-01,decile0.8,1.7
1762,2003-07-01,decile0.8,1.7
1763,2003-08-01,decile0.8,1.7
1764,2003-09-01,decile0.8,1.7
1765,2003-10-01,decile0.8,1.7
1766,2003-11-01,decile0.8,1.7
1767,2003-12-01,decile0.8,1.7
1768,2004-01-01,decile0.8,1.7
1769,2004-02-01,decile0.8,1.65
1770,2004-03-01,decile0.8,1.65
1771,2004-04-01,decile0.8,1.65
1772,2004-05-01,decile0.8,1.65
1773,2004-06-01,decile0.8,1.65
1774,2004-07-01,decile0.8,1.65
1775,2004-08-01,decile0.8,1.65
1776,2004-09-01,decile0.8,1.65
1777,2004-10-01,decile0.8,1.65
1778,2004-11-01,decile0.8,1.7
1779,2004-12-01,decile0.8,1.7
1780,2005-01-01,decile0.8,1.7
1781,2005-02-01,decile0.8,1.7
1782,2005-03-01,decile0.8,1.7
1783,2005-04-01,decile0.8,1.7
1784,2005-05-01,decile0.8,1.7
1785,2005-06-01,decile0.8,1.7
1786,2005-07-01,decile0.8,1.7
1787,2005-08-01,decile0.8,1.7
1788,2005-09-01,decile0.8,1.75
1789,2005-10-01,decile0.8,1.75
1790,2005-11-01,decile0.8,1.75
1791,2005-12-01,decile0.8,1.75
1792,2006-01-01,decile0.8,1.75
1793,2006-02-01,decile0.8,1.8
1794,2006-03-01,decile0.8,1.8
1795,2006-04-01,decile0.8,1.8
1796,2006-05-01,decile0.8,1.8
1797,2006-06-01,decile0.8,1.8
1798,2006-07-01,decile0.8,1.8
1799,2006-08-01,decile0.8,1.8
1800,2006-09-01,decile0.8,1.8
1801,2006-10-01,decile0.8,1.85
1802,2006-11-01,decile0.8,1.85
1803,2006-12-01,decile0.8,1.85
1804,2007-01-01,decile0.8,1.85
1805,2007-02-01,decile0.8,1.85
1806,2007-03-01,decile0.8,1.89
1807,2007-04-01,decile0.8,1.89
1808,2007-05-01,decile0.8,1.85
1809,2007-06-01,decile0.8,1.85
1810,2007-07-01,decile0.8,1.886
1811,2007-08-01,decile0.8,1.89
1812,2007-09-01,decile0.8,1.9
1813,2007-10-01,decile0.8,1.9
1814,2007-11-01,decile0.8,1.9
1815,2007-12-01,decile0.8,1.95
1816,2008-01-01,decile0.8,1.95
1817,2008-02-01,decile0.8,1.99
1818,2008-03-01,decile0.8,2.0
1819,2008-04-01,decile0.8,2.05
1820,2008-05-01,decile0.8,2.05
1821,2008-06-01,decile0.8,2.05
1822,2008-07-01,decile0.8,2.05
1823,2008-08-01,decile0.8,2.05
1824,2008-09-01,decile0.8,2.05
1825,2008-10-01,decile0.8,2.05
1826,2008-11-01,decile0.8,2.05
1827,2008-12-01,decile0.8,2.0
1828,2009-01-01,decile0.8,1.992
1829,2009-02-01,decile0.8,1.998
1830,2009-03-01,decile0.8,2.0
1831,2009-04-01,decile0.8,2.0
1832,2009-05-01,decile0.8,2.0
1833,2009-06-01,decile0.8,2.0
1834,2009-07-01,decile0.8,2.0
1835,2009-08-01,decile0.8,2.0
1836,2009-09-01,decile0.8,2.0
1837,2009-10-01,decile0.8,2.0
1838,2009-11-01,decile0.8,2.0
1839,2009-12-01,decile0.8,2.0
1840,2010-01-01,decile0.8,2.05
1841,2010-02-01,decile0.8,2.05
1842,2010-03-01,decile0.8,2.05
1843,2010-04-01,decile0.8,2.05
1844,2010-05-01,decile0.8,2.05
1845,2010-06-01,decile0.8,2.05
1846,2010-07-01,decile0.8,2.05
1847,2010-08-01,decile0.8,2.05
1848,2010-09-01,decile0.8,2.0999999
1849,2010-10-01,decile0.8,2.0999999
1850,2010-11-01,decile0.8,2.0999999
1851,2010-12-01,decile0.8,2.0999999
1852,2011-01-01,decile0.8,2.0999999
1853,2011-02-01,decile0.8,2.0999999
1854,2011-03-01,decile0.8,2.0999999
1855,2011-04-01,decile0.8,2.0999999
1856,2011-05-01,decile0.8,2.1500001
1857,2011-06-01,decile0.8,2.1500001
1858,2011-07-01,decile0.8,2.1500001
1859,2011-08-01,decile0.8,2.1500001
1860,2011-09-01,decile0.8,2.1500001
1861,2011-10-01,decile0.8,2.1500001
1862,2011-11-01,decile0.8,2.1500001
1863,2011-12-01,decile0.8,2.1500001
1864,2012-01-01,decile0.8,2.1500001
1865,2012-02-01,decile0.8,2.1500001
1866,2012-03-01,decile0.8,2.1500001
1867,2012-04-01,decile0.8,2.1500001
1868,2012-05-01,decile0.8,2.1500001
1869,2012-06-01,decile0.8,2.1500001
1870,2012-07-01,decile0.8,2.1500001
1871,2012-08-01,decile0.8,2.1500001
1872,2012-09-01,decile0.8,2.1500001
1873,2012-10-01,decile0.8,2.1500001
1874,2012-11-01,decile0.8,2.1500001
1875,2012-12-01,decile0.8,2.1500001
1876,2013-01-01,decile0.8,2.1500001
1877,2013-02-01,decile0.8,2.1500001
1878,2013-03-01,decile0.8,2.1500001
1879,2013-04-01,decile0.8,2.1500001
1880,2013-05-01,decile0.8,2.1500001
1881,2013-06-01,decile0.8,2.1500001
1882,2013-07-01,decile0.8,2.1500001
1883,2013-08-01,decile0.8,2.1500001
1884,2013-09-01,decile0.8,2.1900000200000007
1885,2013-10-01,decile0.8,2.1600001
1886,2013-11-01,decile0.8,2.25
1887,2013-12-01,decile0.8,2.25
1888,2014-01-01,decile0.8,2.25
1889,2014-02-01,decile0.8,2.25
1890,2014-03-01,decile0.8,2.25
1891,2014-04-01,decile0.8,2.25
1892,2014-05-01,decile0.8,2.25
1893,2014-06-01,decile0.8,2.25
1894,2014-07-01,decile0.8,2.25
1895,2014-08-01,decile0.8,2.25
1896,2014-09-01,decile0.8,2.25
1897,2014-10-01,decile0.8,2.25
1898,2014-11-01,decile0.8,2.25
1899,2014-12-01,decile0.8,2.25
1900,2015-01-01,decile0.8,2.25
1901,2015-02-01,decile0.8,2.25
1902,2015-03-01,decile0.8,2.25
1903,2015-04-01,decile0.8,2.25
1904,2015-05-01,decile0.8,2.25
1905,2015-06-01,decile0.8,2.25
1906,2015-07-01,decile0.8,2.25
1907,2015-08-01,decile0.8,2.25
1908,2015-09-01,decile0.8,2.25
1909,2015-10-01,decile0.8,2.25
1910,2015-11-01,decile0.8,2.3
1911,2015-12-01,decile0.8,2.3
1912,2016-01-01,decile0.8,2.3
1913,2016-02-01,decile0.8,2.3
1914,2016-03-01,decile0.8,2.3
1915,2016-04-01,decile0.8,2.3
1916,2016-05-01,decile0.8,2.3
1917,2016-06-01,decile0.8,2.3
1918,2016-07-01,decile0.8,2.3
1919,2016-08-01,decile0.8,2.3
1920,2016-09-01,decile0.8,2.3399999200000003
1921,2016-10-01,decile0.8,2.3
1922,2016-11-01,decile0.8,2.3
1923,2016-12-01,decile0.8,2.3
1924,2017-01-01,decile0.8,2.36999998
1925,2017-02-01,decile0.8,2.3499999
1926,2017-03-01,decile0.8,2.3499999
1927,2017-04-01,decile0.8,2.4000001
1928,2017-05-01,decile0.8,2.4000001
1929,2017-06-01,decile0.8,2.4000001
1930,2017-07-01,decile0.8,2.4000001
1931,2017-08-01,decile0.8,2.4000001
1932,2017-09-01,decile0.8,2.4000001
1933,2017-10-01,decile0.8,2.4000001
1934,2017-11-01,decile0.8,2.45
1935,2017-12-01,decile0.8,2.410000080000001
1936,2018-01-01,decile0.8,2.45
1937,2018-02-01,decile0.8,2.5
1938,2018-03-01,decile0.8,2.5
1939,2018-04-01,decile0.8,2.5
1940,2018-05-01,decile0.8,2.5
1941,2018-06-01,decile0.8,2.5
1942,2018-07-01,decile0.8,2.5
1943,2018-08-01,decile0.8,2.5
1944,2018-09-01,decile0.8,2.5
1945,2018-10-01,decile0.8,2.5
1946,2018-11-01,decile0.8,2.52
1947,2018-12-01,decile0.8,2.55
1948,2019-01-01,decile0.8,2.55
1949,2019-02-01,decile0.8,2.55
1950,2019-03-01,decile0.8,2.55
1951,2019-04-01,decile0.8,2.55
1952,2019-05-01,decile0.8,2.5999999
1953,2019-06-01,decile0.8,2.5999999
1954,2019-07-01,decile0.8,2.5999999
1955,2019-08-01,decile0.8,2.5999999
1956,2019-09-01,decile0.8,2.5999999
1957,2019-10-01,decile0.8,2.5999999
1958,2019-11-01,decile0.8,2.6500001
1959,2019-12-01,decile0.8,2.6900000200000007
1960,2020-01-01,decile0.8,2.7
1961,2020-02-01,decile0.8,2.75
1962,2020-03-01,decile0.8,2.75
1963,2020-05-01,decile0.8,2.75
1964,2020-06-01,decile0.8,2.7100000000000004
1965,2020-07-01,decile0.8,2.75
1966,2020-08-01,decile0.8,2.6350000400000004
1967,2020-09-01,decile0.8,2.7
1968,2020-10-01,decile0.8,2.75
1969,2020-11-01,decile0.8,2.72
1970,2020-12-01,decile0.8,2.75
1971,2021-01-01,decile0.8,2.7104000800000003
1972,2021-02-01,decile0.8,2.70260002
1973,2021-03-01,decile0.8,2.7
1974,2021-04-01,decile0.8,2.75
1975,2021-05-01,decile0.8,2.75
1976,2021-06-01,decile0.8,2.8
1977,2021-07-01,decile0.8,2.8
1978,2021-08-01,decile0.8,2.8
1979,2021-09-01,decile0.8,2.8
1980,2021-10-01,decile0.8,2.8
1981,2021-11-01,decile0.8,2.8499999
1982,2021-12-01,decile0.8,2.9000001
1983,2022-01-01,decile0.8,2.9000001
1984,2022-02-01,decile0.8,2.9000001
1985,2022-03-01,decile0.8,2.95
1986,2022-04-01,decile0.8,2.95
1987,2022-05-01,decile0.8,2.95
1988,2022-06-01,decile0.8,3.05
1989,2022-07-01,decile0.8,3.05
1990,2022-08-01,decile0.8,3.05
1991,2022-09-01,decile0.8,3.0999999
1992,2022-10-01,decile0.8,3.0999999
1993,2022-11-01,decile0.8,3.1500001
1994,2022-12-01,decile0.8,3.1500001
1995,2023-01-01,decile0.8,3.2
1996,2023-02-01,decile0.8,3.2
1997,2023-03-01,decile0.8,3.2
1998,2023-04-01,decile0.8,3.25
1999,2023-05-01,decile0.8,3.25
2000,2023-06-01,decile0.8,3.3
2001,2023-07-01,decile0.8,3.3
2002,2023-08-01,decile0.8,3.3
2003,2023-09-01,decile0.8,3.45
2004,2023-10-01,decile0.8,3.45
2005,2023-11-01,decile0.8,3.45
2006,2023-12-01,decile0.8,3.45
2007,2024-01-01,decile0.8,3.45
2008,2003-02-01,decile0.9,1.75
2009,2003-03-01,decile0.9,1.75
2010,2003-04-01,decile0.9,1.75
2011,2003-05-01,decile0.9,1.75
2012,2003-06-01,decile0.9,1.75
2013,2003-07-01,decile0.9,1.79
2014,2003-08-01,decile0.9,1.79
2015,2003-09-01,decile0.9,1.79
2016,2003-10-01,decile0.9,1.79
2017,2003-11-01,decile0.9,1.79
2018,2003-12-01,decile0.9,1.79
2019,2004-01-01,decile0.9,1.79
2020,2004-02-01,decile0.9,1.79
2021,2004-03-01,decile0.9,1.79
2022,2004-04-01,decile0.9,1.79
2023,2004-05-01,decile0.9,1.79
2024,2004-06-01,decile0.9,1.79
2025,2004-07-01,decile0.9,1.79
2026,2004-08-01,decile0.9,1.79
2027,2004-09-01,decile0.9,1.79
2028,2004-10-01,decile0.9,1.79
2029,2004-11-01,decile0.9,1.79
2030,2004-12-01,decile0.9,1.79
2031,2005-01-01,decile0.9,1.79
2032,2005-02-01,decile0.9,1.79
2033,2005-03-01,decile0.9,1.79
2034,2005-04-01,decile0.9,1.79
2035,2005-05-01,decile0.9,1.79
2036,2005-06-01,decile0.9,1.85
2037,2005-07-01,decile0.9,1.85
2038,2005-08-01,decile0.9,1.85
2039,2005-09-01,decile0.9,1.85
2040,2005-10-01,decile0.9,1.85
2041,2005-11-01,decile0.9,1.85
2042,2005-12-01,decile0.9,1.85
2043,2006-01-01,decile0.9,1.85
2044,2006-02-01,decile0.9,1.85
2045,2006-03-01,decile0.9,1.85
2046,2006-04-01,decile0.9,1.85
2047,2006-05-01,decile0.9,1.85
2048,2006-06-01,decile0.9,1.85
2049,2006-07-01,decile0.9,1.89
2050,2006-08-01,decile0.9,1.89
2051,2006-09-01,decile0.9,1.89
2052,2006-10-01,decile0.9,1.89
2053,2006-11-01,decile0.9,1.9
2054,2006-12-01,decile0.9,1.9
2055,2007-01-01,decile0.9,1.9
2056,2007-02-01,decile0.9,1.9
2057,2007-03-01,decile0.9,1.9
2058,2007-04-01,decile0.9,1.9
2059,2007-05-01,decile0.9,1.95
2060,2007-06-01,decile0.9,1.95
2061,2007-07-01,decile0.9,1.95
2062,2007-08-01,decile0.9,1.95
2063,2007-09-01,decile0.9,1.95
2064,2007-10-01,decile0.9,1.95
2065,2007-11-01,decile0.9,1.95
2066,2007-12-01,decile0.9,1.99
2067,2008-01-01,decile0.9,2.05
2068,2008-02-01,decile0.9,2.05
2069,2008-03-01,decile0.9,2.05
2070,2008-04-01,decile0.9,2.05
2071,2008-05-01,decile0.9,2.05
2072,2008-06-01,decile0.9,2.05
2073,2008-07-01,decile0.9,2.05
2074,2008-08-01,decile0.9,2.05
2075,2008-09-01,decile0.9,2.05
2076,2008-10-01,decile0.9,2.05
2077,2008-11-01,decile0.9,2.05
2078,2008-12-01,decile0.9,2.01
2079,2009-01-01,decile0.9,2.01
2080,2009-02-01,decile0.9,2.05
2081,2009-03-01,decile0.9,2.0
2082,2009-04-01,decile0.9,2.0
2083,2009-05-01,decile0.9,2.0
2084,2009-06-01,decile0.9,2.0
2085,2009-07-01,decile0.9,2.0
2086,2009-08-01,decile0.9,2.0
2087,2009-09-01,decile0.9,2.0
2088,2009-10-01,decile0.9,2.0
2089,2009-11-01,decile0.9,2.0
2090,2009-12-01,decile0.9,2.0
2091,2010-01-01,decile0.9,2.05
2092,2010-02-01,decile0.9,2.05
2093,2010-03-01,decile0.9,2.05
2094,2010-04-01,decile0.9,2.05
2095,2010-05-01,decile0.9,2.05
2096,2010-06-01,decile0.9,2.05
2097,2010-07-01,decile0.9,2.0999999
2098,2010-08-01,decile0.9,2.0999999
2099,2010-09-01,decile0.9,2.0999999
2100,2010-10-01,decile0.9,2.0999999
2101,2010-11-01,decile0.9,2.0999999
2102,2010-12-01,decile0.9,2.0999999
2103,2011-01-01,decile0.9,2.1500001
2104,2011-02-01,decile0.9,2.1500001
2105,2011-03-01,decile0.9,2.1500001
2106,2011-04-01,decile0.9,2.1500001
2107,2011-05-01,decile0.9,2.1500001
2108,2011-06-01,decile0.9,2.1500001
2109,2011-07-01,decile0.9,2.1500001
2110,2011-08-01,decile0.9,2.1500001
2111,2011-09-01,decile0.9,2.1500001
2112,2011-10-01,decile0.9,2.1500001
2113,2011-11-01,decile0.9,2.1500001
2114,2011-12-01,decile0.9,2.1500001
2115,2012-01-01,decile0.9,2.18000004
2116,2012-02-01,decile0.9,2.2
2117,2012-03-01,decile0.9,2.2
2118,2012-04-01,decile0.9,2.2
2119,2012-05-01,decile0.9,2.2
2120,2012-06-01,decile0.9,2.2
2121,2012-07-01,decile0.9,2.2
2122,2012-08-01,decile0.9,2.2
2123,2012-09-01,decile0.9,2.2
2124,2012-10-01,decile0.9,2.2
2125,2012-11-01,decile0.9,2.25
2126,2012-12-01,decile0.9,2.25
2127,2013-01-01,decile0.9,2.25
2128,2013-02-01,decile0.9,2.25
2129,2013-03-01,decile0.9,2.25
2130,2013-04-01,decile0.9,2.25
2131,2013-05-01,decile0.9,2.25
2132,2013-06-01,decile0.9,2.25
2133,2013-07-01,decile0.9,2.25
2134,2013-08-01,decile0.9,2.25
2135,2013-09-01,decile0.9,2.25
2136,2013-10-01,decile0.9,2.25
2137,2013-11-01,decile0.9,2.25
2138,2013-12-01,decile0.9,2.25
2139,2014-01-01,decile0.9,2.25
2140,2014-02-01,decile0.9,2.3
2141,2014-03-01,decile0.9,2.3
2142,2014-04-01,decile0.9,2.3
2143,2014-05-01,decile0.9,2.3
2144,2014-06-01,decile0.9,2.3
2145,2014-07-01,decile0.9,2.3
2146,2014-08-01,decile0.9,2.3
2147,2014-09-01,decile0.9,2.3
2148,2014-10-01,decile0.9,2.3
2149,2014-11-01,decile0.9,2.3
2150,2014-12-01,decile0.9,2.3
2151,2015-01-01,decile0.9,2.3
2152,2015-02-01,decile0.9,2.3
2153,2015-03-01,decile0.9,2.3
2154,2015-04-01,decile0.9,2.3
2155,2015-05-01,decile0.9,2.3
2156,2015-06-01,decile0.9,2.3
2157,2015-07-01,decile0.9,2.3
2158,2015-08-01,decile0.9,2.3
2159,2015-09-01,decile0.9,2.3
2160,2015-10-01,decile0.9,2.3499999
2161,2015-11-01,decile0.9,2.3499999
2162,2015-12-01,decile0.9,2.3579999400000005
2163,2016-01-01,decile0.9,2.3499999
2164,2016-02-01,decile0.9,2.4000001
2165,2016-03-01,decile0.9,2.4000001
2166,2016-04-01,decile0.9,2.4000001
2167,2016-05-01,decile0.9,2.4000001
2168,2016-06-01,decile0.9,2.4000001
2169,2016-07-01,decile0.9,2.4000001
2170,2016-08-01,decile0.9,2.4000001
2171,2016-09-01,decile0.9,2.4000001
2172,2016-10-01,decile0.9,2.4000001
2173,2016-11-01,decile0.9,2.415000070000001
2174,2016-12-01,decile0.9,2.45
2175,2017-01-01,decile0.9,2.45
2176,2017-02-01,decile0.9,2.45
2177,2017-03-01,decile0.9,2.45
2178,2017-04-01,decile0.9,2.5
2179,2017-05-01,decile0.9,2.5
2180,2017-06-01,decile0.9,2.5
2181,2017-07-01,decile0.9,2.5
2182,2017-08-01,decile0.9,2.5
2183,2017-09-01,decile0.9,2.5
2184,2017-10-01,decile0.9,2.5
2185,2017-11-01,decile0.9,2.525
2186,2017-12-01,decile0.9,2.5
2187,2018-01-01,decile0.9,2.55
2188,2018-02-01,decile0.9,2.5999999
2189,2018-03-01,decile0.9,2.5999999
2190,2018-04-01,decile0.9,2.5999999
2191,2018-05-01,decile0.9,2.5999999
2192,2018-06-01,decile0.9,2.5999999
2193,2018-07-01,decile0.9,2.5999999
2194,2018-08-01,decile0.9,2.5999999
2195,2018-09-01,decile0.9,2.5999999
2196,2018-10-01,decile0.9,2.6500001
2197,2018-11-01,decile0.9,2.6500001
2198,2018-12-01,decile0.9,2.6500001
2199,2019-01-01,decile0.9,2.6500001
2200,2019-02-01,decile0.9,2.6550000899999997
2201,2019-03-01,decile0.9,2.7
2202,2019-04-01,decile0.9,2.7
2203,2019-05-01,decile0.9,2.75
2204,2019-06-01,decile0.9,2.75
2205,2019-07-01,decile0.9,2.75
2206,2019-08-01,decile0.9,2.75
2207,2019-09-01,decile0.9,2.75
2208,2019-10-01,decile0.9,2.75
2209,2019-11-01,decile0.9,2.75
2210,2019-12-01,decile0.9,2.75
2211,2020-01-01,decile0.9,2.75
2212,2020-02-01,decile0.9,2.8
2213,2020-03-01,decile0.9,2.8
2214,2020-05-01,decile0.9,2.79999995
2215,2020-06-01,decile0.9,2.8499999
2216,2020-07-01,decile0.9,2.8499999
2217,2020-08-01,decile0.9,2.8
2218,2020-09-01,decile0.9,2.8499999
2219,2020-10-01,decile0.9,2.8499999
2220,2020-11-01,decile0.9,2.8299999
2221,2020-12-01,decile0.9,2.8499999
2222,2021-01-01,decile0.9,2.86999998
2223,2021-02-01,decile0.9,2.8549999200000005
2224,2021-03-01,decile0.9,2.8
2225,2021-04-01,decile0.9,2.9000001
2226,2021-05-01,decile0.9,2.8499999
2227,2021-06-01,decile0.9,2.9200000600000005
2228,2021-07-01,decile0.9,2.875
2229,2021-08-01,decile0.9,2.9000001
2230,2021-09-01,decile0.9,2.9000001
2231,2021-10-01,decile0.9,2.9000001
2232,2021-11-01,decile0.9,2.95
2233,2021-12-01,decile0.9,2.9660000000000006
2234,2022-01-01,decile0.9,2.95
2235,2022-02-01,decile0.9,2.95
2236,2022-03-01,decile0.9,3.0
2237,2022-04-01,decile0.9,3.0
2238,2022-05-01,decile0.9,3.0999999
2239,2022-06-01,decile0.9,3.1500001
2240,2022-07-01,decile0.9,3.1500001
2241,2022-08-01,decile0.9,3.1500001
2242,2022-09-01,decile0.9,3.1500001
2243,2022-10-01,decile0.9,3.2
2244,2022-11-01,decile0.9,3.25
2245,2022-12-01,decile0.9,3.2900000000000005
2246,2023-01-01,decile0.9,3.3
2247,2023-02-01,decile0.9,3.3
2248,2023-03-01,decile0.9,3.3249999499999996
2249,2023-04-01,decile0.9,3.3499999
2250,2023-05-01,decile0.9,3.3499999
2251,2023-06-01,decile0.9,3.3649999600000005
2252,2023-07-01,decile0.9,3.45
2253,2023-08-01,decile0.9,3.45
2254,2023-09-01,decile0.9,3.5
2255,2023-10-01,decile0.9,3.5
2256,2023-11-01,decile0.9,3.5
2257,2023-12-01,decile0.9,3.5
2258,2024-01-01,decile0.9,3.5
