,Date,index,price
0,2021-02-22,S&P 500,99.23
1,2021-02-23,S&P 500,99.35
2,2021-02-24,S&P 500,100.48
3,2021-02-25,S&P 500,98.02
4,2021-02-26,S&P 500,97.55
5,2021-03-01,S&P 500,99.87
6,2021-03-02,S&P 500,99.07
7,2021-03-03,S&P 500,97.77
8,2021-03-04,S&P 500,96.46
9,2021-03-05,S&P 500,98.34
10,2021-03-08,S&P 500,97.82
11,2021-03-09,S&P 500,99.2
12,2021-03-10,S&P 500,99.8
13,2021-03-11,S&P 500,100.84
14,2021-03-12,S&P 500,100.94
15,2021-03-15,S&P 500,101.59
16,2021-03-16,S&P 500,101.43
17,2021-03-17,S&P 500,101.73
18,2021-03-18,S&P 500,100.22
19,2021-03-19,S&P 500,100.16
20,2021-03-22,S&P 500,100.87
21,2021-03-23,S&P 500,100.1
22,2021-03-24,S&P 500,99.55
23,2021-03-25,S&P 500,100.07
24,2021-03-26,S&P 500,101.74
25,2021-03-29,S&P 500,101.65
26,2021-03-30,S&P 500,101.33
27,2021-03-31,S&P 500,101.69
28,2021-04-01,S&P 500,102.9
29,2021-04-05,S&P 500,104.38
30,2021-04-06,S&P 500,104.28
31,2021-04-07,S&P 500,104.43
32,2021-04-08,S&P 500,104.88
33,2021-04-09,S&P 500,105.68
34,2021-04-12,S&P 500,105.66
35,2021-04-13,S&P 500,106.01
36,2021-04-14,S&P 500,105.58
37,2021-04-15,S&P 500,106.75
38,2021-04-16,S&P 500,107.14
39,2021-04-19,S&P 500,106.57
40,2021-04-20,S&P 500,105.84
41,2021-04-21,S&P 500,106.83
42,2021-04-22,S&P 500,105.84
43,2021-04-23,S&P 500,107.0
44,2021-04-26,S&P 500,107.19
45,2021-04-27,S&P 500,107.17
46,2021-04-28,S&P 500,107.08
47,2021-04-29,S&P 500,107.8
48,2021-04-30,S&P 500,107.03
49,2021-05-03,S&P 500,107.32
50,2021-05-04,S&P 500,106.6
51,2021-05-05,S&P 500,106.68
52,2021-05-06,S&P 500,107.55
53,2021-05-07,S&P 500,108.34
54,2021-05-10,S&P 500,107.21
55,2021-05-11,S&P 500,106.28
56,2021-05-12,S&P 500,104.0
57,2021-05-13,S&P 500,105.27
58,2021-05-14,S&P 500,106.84
59,2021-05-17,S&P 500,106.57
60,2021-05-18,S&P 500,105.66
61,2021-05-19,S&P 500,105.35
62,2021-05-20,S&P 500,106.46
63,2021-05-21,S&P 500,106.38
64,2021-05-24,S&P 500,107.43
65,2021-05-25,S&P 500,107.2
66,2021-05-26,S&P 500,107.4
67,2021-05-27,S&P 500,107.53
68,2021-05-28,S&P 500,107.61
69,2021-06-01,S&P 500,107.56
70,2021-06-02,S&P 500,107.72
71,2021-06-03,S&P 500,107.32
72,2021-06-04,S&P 500,108.27
73,2021-06-07,S&P 500,108.19
74,2021-06-08,S&P 500,108.21
75,2021-06-09,S&P 500,108.01
76,2021-06-10,S&P 500,108.51
77,2021-06-11,S&P 500,108.72
78,2021-06-14,S&P 500,108.92
79,2021-06-15,S&P 500,108.7
80,2021-06-16,S&P 500,108.11
81,2021-06-17,S&P 500,108.07
82,2021-06-18,S&P 500,106.65
83,2021-06-21,S&P 500,108.14
84,2021-06-22,S&P 500,108.7
85,2021-06-23,S&P 500,108.58
86,2021-06-24,S&P 500,109.21
87,2021-06-25,S&P 500,109.57
88,2021-06-28,S&P 500,109.83
89,2021-06-29,S&P 500,109.86
90,2021-06-30,S&P 500,110.0
91,2021-07-01,S&P 500,110.58
92,2021-07-02,S&P 500,111.41
93,2021-07-06,S&P 500,111.18
94,2021-07-07,S&P 500,111.56
95,2021-07-08,S&P 500,110.6
96,2021-07-09,S&P 500,111.85
97,2021-07-12,S&P 500,112.23
98,2021-07-13,S&P 500,111.84
99,2021-07-14,S&P 500,111.97
100,2021-07-15,S&P 500,111.6
101,2021-07-16,S&P 500,110.76
102,2021-07-19,S&P 500,109.0
103,2021-07-20,S&P 500,110.66
104,2021-07-21,S&P 500,111.57
105,2021-07-22,S&P 500,111.79
106,2021-07-23,S&P 500,112.93
107,2021-07-26,S&P 500,113.2
108,2021-07-27,S&P 500,112.66
109,2021-07-28,S&P 500,112.64
110,2021-07-29,S&P 500,113.12
111,2021-07-30,S&P 500,112.51
112,2021-08-02,S&P 500,112.3
113,2021-08-03,S&P 500,113.22
114,2021-08-04,S&P 500,112.69
115,2021-08-05,S&P 500,113.37
116,2021-08-06,S&P 500,113.56
117,2021-08-09,S&P 500,113.45
118,2021-08-10,S&P 500,113.57
119,2021-08-11,S&P 500,113.85
120,2021-08-12,S&P 500,114.18
121,2021-08-13,S&P 500,114.37
122,2021-08-16,S&P 500,114.67
123,2021-08-17,S&P 500,113.86
124,2021-08-18,S&P 500,112.63
125,2021-08-19,S&P 500,112.78
126,2021-08-20,S&P 500,113.69
127,2021-08-23,S&P 500,114.66
128,2021-08-24,S&P 500,114.83
129,2021-08-25,S&P 500,115.09
130,2021-08-26,S&P 500,114.42
131,2021-08-27,S&P 500,115.43
132,2021-08-30,S&P 500,115.92
133,2021-08-31,S&P 500,115.77
134,2021-09-01,S&P 500,115.8
135,2021-09-02,S&P 500,116.13
136,2021-09-03,S&P 500,116.09
137,2021-09-07,S&P 500,115.7
138,2021-09-08,S&P 500,115.55
139,2021-09-09,S&P 500,115.01
140,2021-09-10,S&P 500,114.13
141,2021-09-13,S&P 500,114.39
142,2021-09-14,S&P 500,113.73
143,2021-09-15,S&P 500,114.69
144,2021-09-16,S&P 500,114.51
145,2021-09-17,S&P 500,113.47
146,2021-09-20,S&P 500,111.54
147,2021-09-21,S&P 500,111.45
148,2021-09-22,S&P 500,112.52
149,2021-09-23,S&P 500,113.88
150,2021-09-24,S&P 500,114.05
151,2021-09-27,S&P 500,113.73
152,2021-09-28,S&P 500,111.41
153,2021-09-29,S&P 500,111.59
154,2021-09-30,S&P 500,110.26
155,2021-10-01,S&P 500,111.53
156,2021-10-04,S&P 500,110.08
157,2021-10-05,S&P 500,111.24
158,2021-10-06,S&P 500,111.69
159,2021-10-07,S&P 500,112.62
160,2021-10-08,S&P 500,112.41
161,2021-10-11,S&P 500,111.63
162,2021-10-12,S&P 500,111.36
163,2021-10-13,S&P 500,111.7
164,2021-10-14,S&P 500,113.61
165,2021-10-15,S&P 500,114.45
166,2021-10-18,S&P 500,114.84
167,2021-10-19,S&P 500,115.69
168,2021-10-20,S&P 500,116.11
169,2021-10-21,S&P 500,116.46
170,2021-10-22,S&P 500,116.34
171,2021-10-25,S&P 500,116.89
172,2021-10-26,S&P 500,117.1
173,2021-10-27,S&P 500,116.51
174,2021-10-28,S&P 500,117.65
175,2021-10-29,S&P 500,117.88
176,2021-11-01,S&P 500,118.1
177,2021-11-02,S&P 500,118.53
178,2021-11-03,S&P 500,119.3
179,2021-11-04,S&P 500,119.8
180,2021-11-05,S&P 500,120.24
181,2021-11-08,S&P 500,120.35
182,2021-11-09,S&P 500,119.93
183,2021-11-10,S&P 500,118.94
184,2021-11-11,S&P 500,119.01
185,2021-11-12,S&P 500,119.87
186,2021-11-15,S&P 500,119.87
187,2021-11-16,S&P 500,120.33
188,2021-11-17,S&P 500,120.02
189,2021-11-18,S&P 500,120.42
190,2021-11-19,S&P 500,120.25
191,2021-11-22,S&P 500,119.87
192,2021-11-23,S&P 500,120.07
193,2021-11-24,S&P 500,120.34
194,2021-11-26,S&P 500,117.61
195,2021-11-29,S&P 500,119.16
196,2021-11-30,S&P 500,116.9
197,2021-12-01,S&P 500,115.52
198,2021-12-02,S&P 500,117.16
199,2021-12-03,S&P 500,116.17
200,2021-12-06,S&P 500,117.53
201,2021-12-07,S&P 500,119.97
202,2021-12-08,S&P 500,120.34
203,2021-12-09,S&P 500,119.47
204,2021-12-10,S&P 500,120.61
205,2021-12-13,S&P 500,119.51
206,2021-12-14,S&P 500,118.62
207,2021-12-15,S&P 500,120.56
208,2021-12-16,S&P 500,119.5
209,2021-12-17,S&P 500,118.27
210,2021-12-20,S&P 500,116.93
211,2021-12-21,S&P 500,119.01
212,2021-12-22,S&P 500,120.22
213,2021-12-23,S&P 500,120.97
214,2021-12-27,S&P 500,122.64
215,2021-12-28,S&P 500,122.52
216,2021-12-29,S&P 500,122.69
217,2021-12-30,S&P 500,122.32
218,2021-12-31,S&P 500,122.0
219,2022-01-03,S&P 500,122.78
220,2022-01-04,S&P 500,122.7
221,2022-01-05,S&P 500,120.32
222,2022-01-06,S&P 500,120.2
223,2022-01-07,S&P 500,119.72
224,2022-01-10,S&P 500,119.55
225,2022-01-11,S&P 500,120.64
226,2022-01-12,S&P 500,120.98
227,2022-01-13,S&P 500,119.26
228,2022-01-14,S&P 500,119.36
229,2022-01-18,S&P 500,117.16
230,2022-01-19,S&P 500,116.03
231,2022-01-20,S&P 500,114.74
232,2022-01-21,S&P 500,112.57
233,2022-01-24,S&P 500,112.89
234,2022-01-25,S&P 500,111.51
235,2022-01-26,S&P 500,111.35
236,2022-01-27,S&P 500,110.75
237,2022-01-28,S&P 500,113.44
238,2022-01-31,S&P 500,115.58
239,2022-02-01,S&P 500,116.38
240,2022-02-02,S&P 500,117.47
241,2022-02-03,S&P 500,114.61
242,2022-02-04,S&P 500,115.2
243,2022-02-07,S&P 500,114.77
244,2022-02-08,S&P 500,115.74
245,2022-02-09,S&P 500,117.42
246,2022-02-10,S&P 500,115.29
247,2022-02-11,S&P 500,113.1
248,2022-02-14,S&P 500,112.67
249,2022-02-15,S&P 500,114.45
250,2022-02-16,S&P 500,114.55
251,2022-02-17,S&P 500,112.12
252,2022-02-18,S&P 500,111.32
253,2022-02-22,S&P 500,110.19
254,2022-02-23,S&P 500,108.16
255,2022-02-24,S&P 500,109.78
256,2022-02-25,S&P 500,112.23
257,2022-02-28,S&P 500,111.96
258,2022-03-01,S&P 500,110.23
259,2022-03-02,S&P 500,112.28
260,2022-03-03,S&P 500,111.69
261,2022-03-04,S&P 500,110.81
262,2022-03-07,S&P 500,107.54
263,2022-03-08,S&P 500,106.76
264,2022-03-09,S&P 500,109.5
265,2022-03-10,S&P 500,109.03
266,2022-03-11,S&P 500,107.62
267,2022-03-14,S&P 500,106.82
268,2022-03-15,S&P 500,109.11
269,2022-03-16,S&P 500,111.55
270,2022-03-17,S&P 500,112.93
271,2022-03-18,S&P 500,114.24
272,2022-03-21,S&P 500,114.19
273,2022-03-22,S&P 500,115.48
274,2022-03-23,S&P 500,114.07
275,2022-03-24,S&P 500,115.7
276,2022-03-25,S&P 500,116.29
277,2022-03-28,S&P 500,117.12
278,2022-03-29,S&P 500,118.56
279,2022-03-30,S&P 500,117.81
280,2022-03-31,S&P 500,115.96
281,2022-04-01,S&P 500,116.36
282,2022-04-04,S&P 500,117.3
283,2022-04-05,S&P 500,115.83
284,2022-04-06,S&P 500,114.7
285,2022-04-07,S&P 500,115.19
286,2022-04-08,S&P 500,114.89
287,2022-04-11,S&P 500,112.95
288,2022-04-12,S&P 500,112.56
289,2022-04-13,S&P 500,113.82
290,2022-04-14,S&P 500,112.44
291,2022-04-18,S&P 500,112.41
292,2022-04-19,S&P 500,114.22
293,2022-04-20,S&P 500,114.15
294,2022-04-21,S&P 500,112.46
295,2022-04-22,S&P 500,109.34
296,2022-04-25,S&P 500,109.97
297,2022-04-26,S&P 500,106.87
298,2022-04-27,S&P 500,107.1
299,2022-04-28,S&P 500,109.75
300,2022-04-29,S&P 500,105.76
301,2022-05-02,S&P 500,106.37
302,2022-05-03,S&P 500,106.88
303,2022-05-04,S&P 500,110.07
304,2022-05-05,S&P 500,106.15
305,2022-05-06,S&P 500,105.55
306,2022-05-09,S&P 500,102.16
307,2022-05-10,S&P 500,102.41
308,2022-05-11,S&P 500,100.73
309,2022-05-12,S&P 500,100.6
310,2022-05-13,S&P 500,103.0
311,2022-05-16,S&P 500,102.59
312,2022-05-17,S&P 500,104.66
313,2022-05-18,S&P 500,100.43
314,2022-05-19,S&P 500,99.85
315,2022-05-20,S&P 500,99.86
316,2022-05-23,S&P 500,101.72
317,2022-05-24,S&P 500,100.89
318,2022-05-25,S&P 500,101.84
319,2022-05-26,S&P 500,103.87
320,2022-05-27,S&P 500,106.44
321,2022-05-31,S&P 500,105.77
322,2022-06-01,S&P 500,104.98
323,2022-06-02,S&P 500,106.91
324,2022-06-03,S&P 500,105.17
325,2022-06-06,S&P 500,105.5
326,2022-06-07,S&P 500,106.5
327,2022-06-08,S&P 500,105.35
328,2022-06-09,S&P 500,102.84
329,2022-06-10,S&P 500,99.85
330,2022-06-13,S&P 500,95.98
331,2022-06-14,S&P 500,95.62
332,2022-06-15,S&P 500,97.01
333,2022-06-16,S&P 500,93.86
334,2022-06-17,S&P 500,94.06
335,2022-06-21,S&P 500,96.37
336,2022-06-22,S&P 500,96.24
337,2022-06-23,S&P 500,97.16
338,2022-06-24,S&P 500,100.13
339,2022-06-27,S&P 500,99.83
340,2022-06-28,S&P 500,97.82
341,2022-06-29,S&P 500,97.75
342,2022-06-30,S&P 500,96.89
343,2022-07-01,S&P 500,97.92
344,2022-07-05,S&P 500,98.07
345,2022-07-06,S&P 500,98.42
346,2022-07-07,S&P 500,99.9
347,2022-07-08,S&P 500,99.81
348,2022-07-11,S&P 500,98.66
349,2022-07-12,S&P 500,97.75
350,2022-07-13,S&P 500,97.31
351,2022-07-14,S&P 500,97.02
352,2022-07-15,S&P 500,98.89
353,2022-07-18,S&P 500,98.06
354,2022-07-19,S&P 500,100.77
355,2022-07-20,S&P 500,101.36
356,2022-07-21,S&P 500,102.36
357,2022-07-22,S&P 500,101.41
358,2022-07-25,S&P 500,101.54
359,2022-07-26,S&P 500,100.37
360,2022-07-27,S&P 500,102.99
361,2022-07-28,S&P 500,104.24
362,2022-07-29,S&P 500,105.72
363,2022-08-01,S&P 500,105.42
364,2022-08-02,S&P 500,104.72
365,2022-08-03,S&P 500,106.36
366,2022-08-04,S&P 500,106.28
367,2022-08-05,S&P 500,106.1
368,2022-08-08,S&P 500,105.97
369,2022-08-09,S&P 500,105.52
370,2022-08-10,S&P 500,107.77
371,2022-08-11,S&P 500,107.69
372,2022-08-12,S&P 500,109.56
373,2022-08-15,S&P 500,109.99
374,2022-08-16,S&P 500,110.2
375,2022-08-17,S&P 500,109.4
376,2022-08-18,S&P 500,109.65
377,2022-08-19,S&P 500,108.24
378,2022-08-22,S&P 500,105.92
379,2022-08-23,S&P 500,105.68
380,2022-08-24,S&P 500,105.99
381,2022-08-25,S&P 500,107.48
382,2022-08-26,S&P 500,103.86
383,2022-08-29,S&P 500,103.17
384,2022-08-30,S&P 500,102.03
385,2022-08-31,S&P 500,101.24
386,2022-09-01,S&P 500,101.54
387,2022-09-02,S&P 500,100.45
388,2022-09-06,S&P 500,100.04
389,2022-09-07,S&P 500,101.87
390,2022-09-08,S&P 500,102.55
391,2022-09-09,S&P 500,104.11
392,2022-09-12,S&P 500,105.21
393,2022-09-13,S&P 500,100.67
394,2022-09-14,S&P 500,101.01
395,2022-09-15,S&P 500,99.86
396,2022-09-16,S&P 500,99.15
397,2022-09-19,S&P 500,99.83
398,2022-09-20,S&P 500,98.7
399,2022-09-21,S&P 500,97.01
400,2022-09-22,S&P 500,96.19
401,2022-09-23,S&P 500,94.54
402,2022-09-26,S&P 500,93.56
403,2022-09-27,S&P 500,93.36
404,2022-09-28,S&P 500,95.2
405,2022-09-29,S&P 500,93.19
406,2022-09-30,S&P 500,91.78
407,2022-10-03,S&P 500,94.16
408,2022-10-04,S&P 500,97.04
409,2022-10-05,S&P 500,96.84
410,2022-10-06,S&P 500,95.85
411,2022-10-07,S&P 500,93.16
412,2022-10-10,S&P 500,92.47
413,2022-10-11,S&P 500,91.86
414,2022-10-12,S&P 500,91.56
415,2022-10-13,S&P 500,93.94
416,2022-10-14,S&P 500,91.72
417,2022-10-17,S&P 500,94.14
418,2022-10-18,S&P 500,95.22
419,2022-10-19,S&P 500,94.58
420,2022-10-20,S&P 500,93.83
421,2022-10-21,S&P 500,96.06
422,2022-10-24,S&P 500,97.2
423,2022-10-25,S&P 500,98.78
424,2022-10-26,S&P 500,98.05
425,2022-10-27,S&P 500,97.46
426,2022-10-28,S&P 500,99.86
427,2022-10-31,S&P 500,99.11
428,2022-11-01,S&P 500,98.7
429,2022-11-02,S&P 500,96.24
430,2022-11-03,S&P 500,95.22
431,2022-11-04,S&P 500,96.51
432,2022-11-07,S&P 500,97.44
433,2022-11-08,S&P 500,97.99
434,2022-11-09,S&P 500,95.95
435,2022-11-10,S&P 500,101.27
436,2022-11-11,S&P 500,102.21
437,2022-11-14,S&P 500,101.29
438,2022-11-15,S&P 500,102.18
439,2022-11-16,S&P 500,101.33
440,2022-11-17,S&P 500,101.02
441,2022-11-18,S&P 500,101.5
442,2022-11-21,S&P 500,101.11
443,2022-11-22,S&P 500,102.48
444,2022-11-23,S&P 500,103.09
445,2022-11-25,S&P 500,103.06
446,2022-11-28,S&P 500,101.47
447,2022-11-29,S&P 500,101.3
448,2022-11-30,S&P 500,104.44
449,2022-12-01,S&P 500,104.35
450,2022-12-02,S&P 500,104.22
451,2022-12-05,S&P 500,102.36
452,2022-12-06,S&P 500,100.88
453,2022-12-07,S&P 500,100.7
454,2022-12-08,S&P 500,101.45
455,2022-12-09,S&P 500,100.71
456,2022-12-12,S&P 500,102.15
457,2022-12-13,S&P 500,102.89
458,2022-12-14,S&P 500,102.27
459,2022-12-15,S&P 500,99.72
460,2022-12-16,S&P 500,98.61
461,2022-12-19,S&P 500,97.72
462,2022-12-20,S&P 500,97.82
463,2022-12-21,S&P 500,99.28
464,2022-12-22,S&P 500,97.84
465,2022-12-23,S&P 500,98.42
466,2022-12-27,S&P 500,98.02
467,2022-12-28,S&P 500,96.84
468,2022-12-29,S&P 500,98.53
469,2022-12-30,S&P 500,98.28
470,2023-01-03,S&P 500,97.89
471,2023-01-04,S&P 500,98.62
472,2023-01-05,S&P 500,97.48
473,2023-01-06,S&P 500,99.7
474,2023-01-09,S&P 500,99.63
475,2023-01-10,S&P 500,100.32
476,2023-01-11,S&P 500,101.61
477,2023-01-12,S&P 500,101.96
478,2023-01-13,S&P 500,102.36
479,2023-01-17,S&P 500,102.16
480,2023-01-18,S&P 500,100.57
481,2023-01-19,S&P 500,99.8
482,2023-01-20,S&P 500,101.69
483,2023-01-23,S&P 500,102.9
484,2023-01-24,S&P 500,102.82
485,2023-01-25,S&P 500,102.8
486,2023-01-26,S&P 500,103.93
487,2023-01-27,S&P 500,104.19
488,2023-01-30,S&P 500,102.84
489,2023-01-31,S&P 500,104.35
490,2023-02-01,S&P 500,105.44
491,2023-02-02,S&P 500,106.99
492,2023-02-03,S&P 500,105.88
493,2023-02-06,S&P 500,105.23
494,2023-02-07,S&P 500,106.59
495,2023-02-08,S&P 500,105.4
496,2023-02-09,S&P 500,104.47
497,2023-02-10,S&P 500,104.7
498,2023-02-13,S&P 500,105.9
499,2023-02-14,S&P 500,105.87
500,2023-02-15,S&P 500,106.17
501,2023-02-16,S&P 500,104.7
502,2023-02-17,S&P 500,104.41
503,2023-02-21,S&P 500,102.32
504,2023-02-22,S&P 500,102.16
505,2023-02-23,S&P 500,102.7
506,2023-02-24,S&P 500,101.62
507,2023-02-27,S&P 500,101.93
508,2023-02-28,S&P 500,101.62
509,2023-03-01,S&P 500,101.14
510,2023-03-02,S&P 500,101.91
511,2023-03-03,S&P 500,103.56
512,2023-03-06,S&P 500,103.63
513,2023-03-07,S&P 500,102.04
514,2023-03-08,S&P 500,102.18
515,2023-03-09,S&P 500,100.3
516,2023-03-10,S&P 500,98.85
517,2023-03-13,S&P 500,98.7
518,2023-03-14,S&P 500,100.32
519,2023-03-15,S&P 500,99.62
520,2023-03-16,S&P 500,101.37
521,2023-03-17,S&P 500,100.25
522,2023-03-20,S&P 500,101.15
523,2023-03-21,S&P 500,102.46
524,2023-03-22,S&P 500,100.77
525,2023-03-23,S&P 500,101.08
526,2023-03-24,S&P 500,101.65
527,2023-03-27,S&P 500,101.81
528,2023-03-28,S&P 500,101.65
529,2023-03-29,S&P 500,103.1
530,2023-03-30,S&P 500,103.69
531,2023-03-31,S&P 500,105.19
532,2023-04-03,S&P 500,105.57
533,2023-04-04,S&P 500,104.96
534,2023-04-05,S&P 500,104.7
535,2023-04-06,S&P 500,105.08
536,2023-04-10,S&P 500,105.18
537,2023-04-11,S&P 500,105.18
538,2023-04-12,S&P 500,104.74
539,2023-04-13,S&P 500,106.13
540,2023-04-14,S&P 500,105.91
541,2023-04-17,S&P 500,106.26
542,2023-04-18,S&P 500,106.35
543,2023-04-19,S&P 500,106.34
544,2023-04-20,S&P 500,105.71
545,2023-04-21,S&P 500,105.81
546,2023-04-24,S&P 500,105.9
547,2023-04-25,S&P 500,104.22
548,2023-04-26,S&P 500,103.82
549,2023-04-27,S&P 500,105.85
550,2023-04-28,S&P 500,106.73
551,2023-05-01,S&P 500,106.68
552,2023-05-02,S&P 500,105.45
553,2023-05-03,S&P 500,104.71
554,2023-05-04,S&P 500,103.95
555,2023-05-05,S&P 500,105.88
556,2023-05-08,S&P 500,105.92
557,2023-05-09,S&P 500,105.44
558,2023-05-10,S&P 500,105.91
559,2023-05-11,S&P 500,105.73
560,2023-05-12,S&P 500,105.56
561,2023-05-15,S&P 500,105.88
562,2023-05-16,S&P 500,105.2
563,2023-05-17,S&P 500,106.45
564,2023-05-18,S&P 500,107.46
565,2023-05-19,S&P 500,107.3
566,2023-05-22,S&P 500,107.32
567,2023-05-23,S&P 500,106.11
568,2023-05-24,S&P 500,105.34
569,2023-05-25,S&P 500,106.26
570,2023-05-26,S&P 500,107.65
571,2023-05-30,S&P 500,107.65
572,2023-05-31,S&P 500,106.99
573,2023-06-01,S&P 500,108.05
574,2023-06-02,S&P 500,109.62
575,2023-06-05,S&P 500,109.4
576,2023-06-06,S&P 500,109.65
577,2023-06-07,S&P 500,109.24
578,2023-06-08,S&P 500,109.91
579,2023-06-09,S&P 500,110.04
580,2023-06-12,S&P 500,111.06
581,2023-06-13,S&P 500,111.83
582,2023-06-14,S&P 500,111.93
583,2023-06-15,S&P 500,113.29
584,2023-06-16,S&P 500,112.87
585,2023-06-20,S&P 500,112.34
586,2023-06-21,S&P 500,111.75
587,2023-06-22,S&P 500,112.16
588,2023-06-23,S&P 500,111.3
589,2023-06-26,S&P 500,110.8
590,2023-06-27,S&P 500,112.07
591,2023-06-28,S&P 500,112.03
592,2023-06-29,S&P 500,112.54
593,2023-06-30,S&P 500,113.92
594,2023-07-03,S&P 500,114.05
595,2023-07-05,S&P 500,113.83
596,2023-07-06,S&P 500,112.92
597,2023-07-07,S&P 500,112.6
598,2023-07-10,S&P 500,112.87
599,2023-07-11,S&P 500,113.63
600,2023-07-12,S&P 500,114.47
601,2023-07-13,S&P 500,115.44
602,2023-07-14,S&P 500,115.33
603,2023-07-17,S&P 500,115.77
604,2023-07-18,S&P 500,116.59
605,2023-07-19,S&P 500,116.87
606,2023-07-20,S&P 500,116.08
607,2023-07-21,S&P 500,116.12
608,2023-07-24,S&P 500,116.59
609,2023-07-25,S&P 500,116.91
610,2023-07-26,S&P 500,116.9
611,2023-07-27,S&P 500,116.14
612,2023-07-28,S&P 500,117.29
613,2023-07-31,S&P 500,117.46
614,2023-08-01,S&P 500,117.15
615,2023-08-02,S&P 500,115.53
616,2023-08-03,S&P 500,115.23
617,2023-08-04,S&P 500,114.62
618,2023-08-07,S&P 500,115.66
619,2023-08-08,S&P 500,115.17
620,2023-08-09,S&P 500,114.36
621,2023-08-10,S&P 500,114.39
622,2023-08-11,S&P 500,114.27
623,2023-08-14,S&P 500,114.92
624,2023-08-15,S&P 500,113.6
625,2023-08-16,S&P 500,112.74
626,2023-08-17,S&P 500,111.87
627,2023-08-18,S&P 500,111.85
628,2023-08-21,S&P 500,112.62
629,2023-08-22,S&P 500,112.31
630,2023-08-23,S&P 500,113.55
631,2023-08-24,S&P 500,112.02
632,2023-08-25,S&P 500,112.77
633,2023-08-28,S&P 500,113.48
634,2023-08-29,S&P 500,115.13
635,2023-08-30,S&P 500,115.57
636,2023-08-31,S&P 500,115.38
637,2023-09-01,S&P 500,115.59
638,2023-09-05,S&P 500,115.11
639,2023-09-06,S&P 500,114.3
640,2023-09-07,S&P 500,113.94
641,2023-09-08,S&P 500,114.1
642,2023-09-11,S&P 500,114.87
643,2023-09-12,S&P 500,114.21
644,2023-09-13,S&P 500,114.35
645,2023-09-14,S&P 500,115.32
646,2023-09-15,S&P 500,113.91
647,2023-09-18,S&P 500,114.0
648,2023-09-19,S&P 500,113.75
649,2023-09-20,S&P 500,112.68
650,2023-09-21,S&P 500,110.84
651,2023-09-22,S&P 500,110.58
652,2023-09-25,S&P 500,111.03
653,2023-09-26,S&P 500,109.39
654,2023-09-27,S&P 500,109.41
655,2023-09-28,S&P 500,110.06
656,2023-09-29,S&P 500,109.76
657,2023-10-02,S&P 500,109.77
658,2023-10-03,S&P 500,108.26
659,2023-10-04,S&P 500,109.14
660,2023-10-05,S&P 500,109.0
661,2023-10-06,S&P 500,110.28
662,2023-10-09,S&P 500,110.98
663,2023-10-10,S&P 500,111.56
664,2023-10-11,S&P 500,112.04
665,2023-10-12,S&P 500,111.34
666,2023-10-13,S&P 500,110.78
667,2023-10-16,S&P 500,111.95
668,2023-10-17,S&P 500,111.94
669,2023-10-18,S&P 500,110.44
670,2023-10-19,S&P 500,109.5
671,2023-10-20,S&P 500,108.13
672,2023-10-23,S&P 500,107.94
673,2023-10-24,S&P 500,108.73
674,2023-10-25,S&P 500,107.17
675,2023-10-26,S&P 500,105.9
676,2023-10-27,S&P 500,105.39
677,2023-10-30,S&P 500,106.66
678,2023-10-31,S&P 500,107.35
679,2023-11-01,S&P 500,108.48
680,2023-11-02,S&P 500,110.52
681,2023-11-03,S&P 500,111.56
682,2023-11-06,S&P 500,111.76
683,2023-11-07,S&P 500,112.07
684,2023-11-08,S&P 500,112.19
685,2023-11-09,S&P 500,111.28
686,2023-11-10,S&P 500,113.02
687,2023-11-13,S&P 500,112.92
688,2023-11-14,S&P 500,115.08
689,2023-11-15,S&P 500,115.26
690,2023-11-16,S&P 500,115.4
691,2023-11-17,S&P 500,115.55
692,2023-11-20,S&P 500,116.4
693,2023-11-21,S&P 500,116.16
694,2023-11-22,S&P 500,116.64
695,2023-11-24,S&P 500,116.71
696,2023-11-27,S&P 500,116.48
697,2023-11-28,S&P 500,116.59
698,2023-11-29,S&P 500,116.48
699,2023-11-30,S&P 500,116.92
700,2023-12-01,S&P 500,117.61
701,2023-12-04,S&P 500,116.97
702,2023-12-05,S&P 500,116.91
703,2023-12-06,S&P 500,116.45
704,2023-12-07,S&P 500,117.38
705,2023-12-08,S&P 500,117.86
706,2023-12-11,S&P 500,118.32
707,2023-12-12,S&P 500,118.86
708,2023-12-13,S&P 500,120.49
709,2023-12-14,S&P 500,120.81
710,2023-12-15,S&P 500,120.8
711,2023-12-18,S&P 500,121.34
712,2023-12-19,S&P 500,122.06
713,2023-12-20,S&P 500,120.26
714,2023-12-21,S&P 500,121.5
715,2023-12-22,S&P 500,121.7
716,2023-12-26,S&P 500,122.22
717,2023-12-27,S&P 500,122.39
718,2023-12-28,S&P 500,122.44
719,2023-12-29,S&P 500,122.09
720,2024-01-02,S&P 500,121.4
721,2024-01-03,S&P 500,120.43
722,2024-01-04,S&P 500,120.02
723,2024-01-05,S&P 500,120.24
724,2024-01-08,S&P 500,121.93
725,2024-01-09,S&P 500,121.75
726,2024-01-10,S&P 500,122.44
727,2024-01-11,S&P 500,122.36
728,2024-01-12,S&P 500,122.45
729,2024-01-16,S&P 500,121.99
730,2024-01-17,S&P 500,121.31
731,2024-01-18,S&P 500,122.38
732,2024-01-19,S&P 500,123.88
733,2024-01-22,S&P 500,124.16
734,2024-01-23,S&P 500,124.52
735,2024-01-24,S&P 500,124.62
736,2024-01-25,S&P 500,125.28
737,2024-01-26,S&P 500,125.19
738,2024-01-29,S&P 500,126.14
739,2024-01-30,S&P 500,126.06
740,2024-01-31,S&P 500,124.03
741,2024-02-01,S&P 500,125.58
742,2024-02-02,S&P 500,126.93
743,2024-02-05,S&P 500,126.52
744,2024-02-06,S&P 500,126.81
745,2024-02-07,S&P 500,127.86
746,2024-02-08,S&P 500,127.93
747,2024-02-09,S&P 500,128.67
748,2024-02-12,S&P 500,128.54
749,2024-02-13,S&P 500,126.79
750,2024-02-14,S&P 500,128.0
751,2024-02-15,S&P 500,128.75
752,2024-02-16,S&P 500,128.13
753,2024-02-20,S&P 500,127.36
754,2024-02-21,S&P 500,127.52
755,2024-02-22,S&P 500,130.21
756,2021-02-22,S&P 500 ESG,99.22
757,2021-02-23,S&P 500 ESG,99.36
758,2021-02-24,S&P 500 ESG,100.28
759,2021-02-25,S&P 500 ESG,97.91
760,2021-02-26,S&P 500 ESG,97.51
761,2021-03-01,S&P 500 ESG,99.77
762,2021-03-02,S&P 500 ESG,98.98
763,2021-03-03,S&P 500 ESG,97.73
764,2021-03-04,S&P 500 ESG,96.72
765,2021-03-05,S&P 500 ESG,98.65
766,2021-03-08,S&P 500 ESG,97.96
767,2021-03-09,S&P 500 ESG,99.26
768,2021-03-10,S&P 500 ESG,99.77
769,2021-03-11,S&P 500 ESG,100.8
770,2021-03-12,S&P 500 ESG,100.78
771,2021-03-15,S&P 500 ESG,101.4
772,2021-03-16,S&P 500 ESG,101.48
773,2021-03-17,S&P 500 ESG,101.7
774,2021-03-18,S&P 500 ESG,100.25
775,2021-03-19,S&P 500 ESG,100.16
776,2021-03-22,S&P 500 ESG,100.96
777,2021-03-23,S&P 500 ESG,100.3
778,2021-03-24,S&P 500 ESG,99.8
779,2021-03-25,S&P 500 ESG,100.22
780,2021-03-26,S&P 500 ESG,101.97
781,2021-03-29,S&P 500 ESG,102.0
782,2021-03-30,S&P 500 ESG,101.52
783,2021-03-31,S&P 500 ESG,101.87
784,2021-04-01,S&P 500 ESG,103.12
785,2021-04-05,S&P 500 ESG,104.68
786,2021-04-06,S&P 500 ESG,104.52
787,2021-04-07,S&P 500 ESG,104.89
788,2021-04-08,S&P 500 ESG,105.27
789,2021-04-09,S&P 500 ESG,106.25
790,2021-04-12,S&P 500 ESG,106.13
791,2021-04-13,S&P 500 ESG,106.42
792,2021-04-14,S&P 500 ESG,105.95
793,2021-04-15,S&P 500 ESG,107.26
794,2021-04-16,S&P 500 ESG,107.61
795,2021-04-19,S&P 500 ESG,107.15
796,2021-04-20,S&P 500 ESG,106.39
797,2021-04-21,S&P 500 ESG,107.32
798,2021-04-22,S&P 500 ESG,106.28
799,2021-04-23,S&P 500 ESG,107.48
800,2021-04-26,S&P 500 ESG,107.66
801,2021-04-27,S&P 500 ESG,107.74
802,2021-04-28,S&P 500 ESG,107.73
803,2021-04-29,S&P 500 ESG,108.54
804,2021-04-30,S&P 500 ESG,107.68
805,2021-05-03,S&P 500 ESG,107.97
806,2021-05-04,S&P 500 ESG,107.13
807,2021-05-05,S&P 500 ESG,107.32
808,2021-05-06,S&P 500 ESG,108.18
809,2021-05-07,S&P 500 ESG,108.99
810,2021-05-10,S&P 500 ESG,107.81
811,2021-05-11,S&P 500 ESG,106.83
812,2021-05-12,S&P 500 ESG,104.54
813,2021-05-13,S&P 500 ESG,105.8
814,2021-05-14,S&P 500 ESG,107.35
815,2021-05-17,S&P 500 ESG,107.06
816,2021-05-18,S&P 500 ESG,106.12
817,2021-05-19,S&P 500 ESG,105.79
818,2021-05-20,S&P 500 ESG,106.92
819,2021-05-21,S&P 500 ESG,106.8
820,2021-05-24,S&P 500 ESG,107.9
821,2021-05-25,S&P 500 ESG,107.66
822,2021-05-26,S&P 500 ESG,107.88
823,2021-05-27,S&P 500 ESG,107.81
824,2021-05-28,S&P 500 ESG,107.96
825,2021-06-01,S&P 500 ESG,107.89
826,2021-06-02,S&P 500 ESG,108.09
827,2021-06-03,S&P 500 ESG,107.72
828,2021-06-04,S&P 500 ESG,108.73
829,2021-06-07,S&P 500 ESG,108.7
830,2021-06-08,S&P 500 ESG,108.77
831,2021-06-09,S&P 500 ESG,108.59
832,2021-06-10,S&P 500 ESG,109.15
833,2021-06-11,S&P 500 ESG,109.36
834,2021-06-14,S&P 500 ESG,109.61
835,2021-06-15,S&P 500 ESG,109.34
836,2021-06-16,S&P 500 ESG,108.83
837,2021-06-17,S&P 500 ESG,108.82
838,2021-06-18,S&P 500 ESG,107.41
839,2021-06-21,S&P 500 ESG,108.88
840,2021-06-22,S&P 500 ESG,109.48
841,2021-06-23,S&P 500 ESG,109.37
842,2021-06-24,S&P 500 ESG,109.98
843,2021-06-25,S&P 500 ESG,110.27
844,2021-06-28,S&P 500 ESG,110.55
845,2021-06-29,S&P 500 ESG,110.69
846,2021-06-30,S&P 500 ESG,110.87
847,2021-07-01,S&P 500 ESG,111.38
848,2021-07-02,S&P 500 ESG,112.38
849,2021-07-06,S&P 500 ESG,112.26
850,2021-07-07,S&P 500 ESG,112.67
851,2021-07-08,S&P 500 ESG,111.75
852,2021-07-09,S&P 500 ESG,112.9
853,2021-07-12,S&P 500 ESG,113.33
854,2021-07-13,S&P 500 ESG,113.03
855,2021-07-14,S&P 500 ESG,113.16
856,2021-07-15,S&P 500 ESG,112.77
857,2021-07-16,S&P 500 ESG,111.93
858,2021-07-19,S&P 500 ESG,110.17
859,2021-07-20,S&P 500 ESG,111.76
860,2021-07-21,S&P 500 ESG,112.65
861,2021-07-22,S&P 500 ESG,112.96
862,2021-07-23,S&P 500 ESG,113.99
863,2021-07-26,S&P 500 ESG,114.32
864,2021-07-27,S&P 500 ESG,113.63
865,2021-07-28,S&P 500 ESG,113.53
866,2021-07-29,S&P 500 ESG,114.17
867,2021-07-30,S&P 500 ESG,113.44
868,2021-08-02,S&P 500 ESG,113.35
869,2021-08-03,S&P 500 ESG,114.27
870,2021-08-04,S&P 500 ESG,113.7
871,2021-08-05,S&P 500 ESG,114.31
872,2021-08-06,S&P 500 ESG,114.44
873,2021-08-09,S&P 500 ESG,114.29
874,2021-08-10,S&P 500 ESG,114.44
875,2021-08-11,S&P 500 ESG,114.7
876,2021-08-12,S&P 500 ESG,115.12
877,2021-08-13,S&P 500 ESG,115.36
878,2021-08-16,S&P 500 ESG,115.68
879,2021-08-17,S&P 500 ESG,114.85
880,2021-08-18,S&P 500 ESG,113.57
881,2021-08-19,S&P 500 ESG,113.73
882,2021-08-20,S&P 500 ESG,114.7
883,2021-08-23,S&P 500 ESG,115.75
884,2021-08-24,S&P 500 ESG,115.91
885,2021-08-25,S&P 500 ESG,116.12
886,2021-08-26,S&P 500 ESG,115.43
887,2021-08-27,S&P 500 ESG,116.42
888,2021-08-30,S&P 500 ESG,116.98
889,2021-08-31,S&P 500 ESG,116.83
890,2021-09-01,S&P 500 ESG,116.84
891,2021-09-02,S&P 500 ESG,117.15
892,2021-09-03,S&P 500 ESG,117.13
893,2021-09-07,S&P 500 ESG,116.77
894,2021-09-08,S&P 500 ESG,116.64
895,2021-09-09,S&P 500 ESG,116.02
896,2021-09-10,S&P 500 ESG,115.05
897,2021-09-13,S&P 500 ESG,115.46
898,2021-09-14,S&P 500 ESG,114.78
899,2021-09-15,S&P 500 ESG,115.82
900,2021-09-16,S&P 500 ESG,115.64
901,2021-09-17,S&P 500 ESG,114.59
902,2021-09-20,S&P 500 ESG,112.55
903,2021-09-21,S&P 500 ESG,112.45
904,2021-09-22,S&P 500 ESG,113.6
905,2021-09-23,S&P 500 ESG,114.99
906,2021-09-24,S&P 500 ESG,115.13
907,2021-09-27,S&P 500 ESG,114.82
908,2021-09-28,S&P 500 ESG,112.49
909,2021-09-29,S&P 500 ESG,112.62
910,2021-09-30,S&P 500 ESG,111.24
911,2021-10-01,S&P 500 ESG,112.61
912,2021-10-04,S&P 500 ESG,111.18
913,2021-10-05,S&P 500 ESG,112.32
914,2021-10-06,S&P 500 ESG,112.84
915,2021-10-07,S&P 500 ESG,113.92
916,2021-10-08,S&P 500 ESG,113.77
917,2021-10-11,S&P 500 ESG,113.06
918,2021-10-12,S&P 500 ESG,112.75
919,2021-10-13,S&P 500 ESG,113.08
920,2021-10-14,S&P 500 ESG,115.1
921,2021-10-15,S&P 500 ESG,116.09
922,2021-10-18,S&P 500 ESG,116.45
923,2021-10-19,S&P 500 ESG,117.28
924,2021-10-20,S&P 500 ESG,117.73
925,2021-10-21,S&P 500 ESG,118.12
926,2021-10-22,S&P 500 ESG,118.05
927,2021-10-25,S&P 500 ESG,118.64
928,2021-10-26,S&P 500 ESG,119.16
929,2021-10-27,S&P 500 ESG,118.88
930,2021-10-28,S&P 500 ESG,120.09
931,2021-10-29,S&P 500 ESG,120.39
932,2021-11-01,S&P 500 ESG,120.51
933,2021-11-02,S&P 500 ESG,121.02
934,2021-11-03,S&P 500 ESG,121.86
935,2021-11-04,S&P 500 ESG,122.68
936,2021-11-05,S&P 500 ESG,123.12
937,2021-11-08,S&P 500 ESG,123.24
938,2021-11-09,S&P 500 ESG,122.84
939,2021-11-10,S&P 500 ESG,121.82
940,2021-11-11,S&P 500 ESG,121.88
941,2021-11-12,S&P 500 ESG,122.65
942,2021-11-15,S&P 500 ESG,122.54
943,2021-11-16,S&P 500 ESG,123.15
944,2021-11-17,S&P 500 ESG,122.92
945,2021-11-18,S&P 500 ESG,123.67
946,2021-11-19,S&P 500 ESG,123.56
947,2021-11-22,S&P 500 ESG,123.15
948,2021-11-23,S&P 500 ESG,123.41
949,2021-11-24,S&P 500 ESG,123.69
950,2021-11-26,S&P 500 ESG,120.74
951,2021-11-29,S&P 500 ESG,122.45
952,2021-11-30,S&P 500 ESG,120.4
953,2021-12-01,S&P 500 ESG,119.15
954,2021-12-02,S&P 500 ESG,120.71
955,2021-12-03,S&P 500 ESG,119.55
956,2021-12-06,S&P 500 ESG,120.84
957,2021-12-07,S&P 500 ESG,123.41
958,2021-12-08,S&P 500 ESG,123.76
959,2021-12-09,S&P 500 ESG,122.87
960,2021-12-10,S&P 500 ESG,124.11
961,2021-12-13,S&P 500 ESG,122.75
962,2021-12-14,S&P 500 ESG,121.73
963,2021-12-15,S&P 500 ESG,123.85
964,2021-12-16,S&P 500 ESG,122.59
965,2021-12-17,S&P 500 ESG,121.26
966,2021-12-20,S&P 500 ESG,119.9
967,2021-12-21,S&P 500 ESG,122.02
968,2021-12-22,S&P 500 ESG,123.38
969,2021-12-23,S&P 500 ESG,124.18
970,2021-12-27,S&P 500 ESG,125.95
971,2021-12-28,S&P 500 ESG,125.77
972,2021-12-29,S&P 500 ESG,125.91
973,2021-12-30,S&P 500 ESG,125.45
974,2021-12-31,S&P 500 ESG,125.14
975,2022-01-03,S&P 500 ESG,126.18
976,2022-01-04,S&P 500 ESG,125.92
977,2022-01-05,S&P 500 ESG,123.46
978,2022-01-06,S&P 500 ESG,123.13
979,2022-01-07,S&P 500 ESG,122.64
980,2022-01-10,S&P 500 ESG,122.59
981,2022-01-11,S&P 500 ESG,123.74
982,2022-01-12,S&P 500 ESG,124.19
983,2022-01-13,S&P 500 ESG,122.29
984,2022-01-14,S&P 500 ESG,122.43
985,2022-01-18,S&P 500 ESG,120.29
986,2022-01-19,S&P 500 ESG,119.1
987,2022-01-20,S&P 500 ESG,117.82
988,2022-01-21,S&P 500 ESG,115.78
989,2022-01-24,S&P 500 ESG,115.97
990,2022-01-25,S&P 500 ESG,114.48
991,2022-01-26,S&P 500 ESG,114.52
992,2022-01-27,S&P 500 ESG,113.83
993,2022-01-28,S&P 500 ESG,116.78
994,2022-01-31,S&P 500 ESG,118.89
995,2022-02-01,S&P 500 ESG,119.62
996,2022-02-02,S&P 500 ESG,121.0
997,2022-02-03,S&P 500 ESG,118.53
998,2022-02-04,S&P 500 ESG,119.3
999,2022-02-07,S&P 500 ESG,118.88
1000,2022-02-08,S&P 500 ESG,119.91
1001,2022-02-09,S&P 500 ESG,121.52
1002,2022-02-10,S&P 500 ESG,119.26
1003,2022-02-11,S&P 500 ESG,116.85
1004,2022-02-14,S&P 500 ESG,116.58
1005,2022-02-15,S&P 500 ESG,118.5
1006,2022-02-16,S&P 500 ESG,118.68
1007,2022-02-17,S&P 500 ESG,116.12
1008,2022-02-18,S&P 500 ESG,115.21
1009,2022-02-22,S&P 500 ESG,114.02
1010,2022-02-23,S&P 500 ESG,111.84
1011,2022-02-24,S&P 500 ESG,113.53
1012,2022-02-25,S&P 500 ESG,115.91
1013,2022-02-28,S&P 500 ESG,115.61
1014,2022-03-01,S&P 500 ESG,113.82
1015,2022-03-02,S&P 500 ESG,115.94
1016,2022-03-03,S&P 500 ESG,115.31
1017,2022-03-04,S&P 500 ESG,114.3
1018,2022-03-07,S&P 500 ESG,110.88
1019,2022-03-08,S&P 500 ESG,110.11
1020,2022-03-09,S&P 500 ESG,112.98
1021,2022-03-10,S&P 500 ESG,112.49
1022,2022-03-11,S&P 500 ESG,111.03
1023,2022-03-14,S&P 500 ESG,110.06
1024,2022-03-15,S&P 500 ESG,112.47
1025,2022-03-16,S&P 500 ESG,115.06
1026,2022-03-17,S&P 500 ESG,116.45
1027,2022-03-18,S&P 500 ESG,117.89
1028,2022-03-21,S&P 500 ESG,117.93
1029,2022-03-22,S&P 500 ESG,119.31
1030,2022-03-23,S&P 500 ESG,117.92
1031,2022-03-24,S&P 500 ESG,119.66
1032,2022-03-25,S&P 500 ESG,120.21
1033,2022-03-28,S&P 500 ESG,121.2
1034,2022-03-29,S&P 500 ESG,122.64
1035,2022-03-30,S&P 500 ESG,121.85
1036,2022-03-31,S&P 500 ESG,119.83
1037,2022-04-01,S&P 500 ESG,120.17
1038,2022-04-04,S&P 500 ESG,121.3
1039,2022-04-05,S&P 500 ESG,119.63
1040,2022-04-06,S&P 500 ESG,118.23
1041,2022-04-07,S&P 500 ESG,118.77
1042,2022-04-08,S&P 500 ESG,118.37
1043,2022-04-11,S&P 500 ESG,116.16
1044,2022-04-12,S&P 500 ESG,115.75
1045,2022-04-13,S&P 500 ESG,117.17
1046,2022-04-14,S&P 500 ESG,115.61
1047,2022-04-18,S&P 500 ESG,115.67
1048,2022-04-19,S&P 500 ESG,117.44
1049,2022-04-20,S&P 500 ESG,117.55
1050,2022-04-21,S&P 500 ESG,115.91
1051,2022-04-22,S&P 500 ESG,112.64
1052,2022-04-25,S&P 500 ESG,113.3
1053,2022-04-26,S&P 500 ESG,109.9
1054,2022-04-27,S&P 500 ESG,110.3
1055,2022-04-28,S&P 500 ESG,113.04
1056,2022-04-29,S&P 500 ESG,108.76
1057,2022-05-02,S&P 500 ESG,109.29
1058,2022-05-03,S&P 500 ESG,109.82
1059,2022-05-04,S&P 500 ESG,113.07
1060,2022-05-05,S&P 500 ESG,109.07
1061,2022-05-06,S&P 500 ESG,108.6
1062,2022-05-09,S&P 500 ESG,105.09
1063,2022-05-10,S&P 500 ESG,105.45
1064,2022-05-11,S&P 500 ESG,103.77
1065,2022-05-12,S&P 500 ESG,103.44
1066,2022-05-13,S&P 500 ESG,105.94
1067,2022-05-16,S&P 500 ESG,105.61
1068,2022-05-17,S&P 500 ESG,107.75
1069,2022-05-18,S&P 500 ESG,103.35
1070,2022-05-19,S&P 500 ESG,102.61
1071,2022-05-20,S&P 500 ESG,102.76
1072,2022-05-23,S&P 500 ESG,104.87
1073,2022-05-24,S&P 500 ESG,104.05
1074,2022-05-25,S&P 500 ESG,104.92
1075,2022-05-26,S&P 500 ESG,106.88
1076,2022-05-27,S&P 500 ESG,109.5
1077,2022-05-31,S&P 500 ESG,108.99
1078,2022-06-01,S&P 500 ESG,108.36
1079,2022-06-02,S&P 500 ESG,110.16
1080,2022-06-03,S&P 500 ESG,108.41
1081,2022-06-06,S&P 500 ESG,108.73
1082,2022-06-07,S&P 500 ESG,109.78
1083,2022-06-08,S&P 500 ESG,108.65
1084,2022-06-09,S&P 500 ESG,105.99
1085,2022-06-10,S&P 500 ESG,102.79
1086,2022-06-13,S&P 500 ESG,98.88
1087,2022-06-14,S&P 500 ESG,98.6
1088,2022-06-15,S&P 500 ESG,100.04
1089,2022-06-16,S&P 500 ESG,96.92
1090,2022-06-17,S&P 500 ESG,97.12
1091,2022-06-21,S&P 500 ESG,99.64
1092,2022-06-22,S&P 500 ESG,99.53
1093,2022-06-23,S&P 500 ESG,100.51
1094,2022-06-24,S&P 500 ESG,103.5
1095,2022-06-27,S&P 500 ESG,103.16
1096,2022-06-28,S&P 500 ESG,101.13
1097,2022-06-29,S&P 500 ESG,101.18
1098,2022-06-30,S&P 500 ESG,100.1
1099,2022-07-01,S&P 500 ESG,101.12
1100,2022-07-05,S&P 500 ESG,101.38
1101,2022-07-06,S&P 500 ESG,101.79
1102,2022-07-07,S&P 500 ESG,103.34
1103,2022-07-08,S&P 500 ESG,103.22
1104,2022-07-11,S&P 500 ESG,102.1
1105,2022-07-12,S&P 500 ESG,101.08
1106,2022-07-13,S&P 500 ESG,100.58
1107,2022-07-14,S&P 500 ESG,100.31
1108,2022-07-15,S&P 500 ESG,102.27
1109,2022-07-18,S&P 500 ESG,101.35
1110,2022-07-19,S&P 500 ESG,104.21
1111,2022-07-20,S&P 500 ESG,104.77
1112,2022-07-21,S&P 500 ESG,105.59
1113,2022-07-22,S&P 500 ESG,104.49
1114,2022-07-25,S&P 500 ESG,104.62
1115,2022-07-26,S&P 500 ESG,103.4
1116,2022-07-27,S&P 500 ESG,106.2
1117,2022-07-28,S&P 500 ESG,107.43
1118,2022-07-29,S&P 500 ESG,108.95
1119,2022-08-01,S&P 500 ESG,108.53
1120,2022-08-02,S&P 500 ESG,107.69
1121,2022-08-03,S&P 500 ESG,109.46
1122,2022-08-04,S&P 500 ESG,109.43
1123,2022-08-05,S&P 500 ESG,109.41
1124,2022-08-08,S&P 500 ESG,109.14
1125,2022-08-09,S&P 500 ESG,108.79
1126,2022-08-10,S&P 500 ESG,111.11
1127,2022-08-11,S&P 500 ESG,111.12
1128,2022-08-12,S&P 500 ESG,113.05
1129,2022-08-15,S&P 500 ESG,113.42
1130,2022-08-16,S&P 500 ESG,113.64
1131,2022-08-17,S&P 500 ESG,112.86
1132,2022-08-18,S&P 500 ESG,113.11
1133,2022-08-19,S&P 500 ESG,111.66
1134,2022-08-22,S&P 500 ESG,109.27
1135,2022-08-23,S&P 500 ESG,108.97
1136,2022-08-24,S&P 500 ESG,109.23
1137,2022-08-25,S&P 500 ESG,110.77
1138,2022-08-26,S&P 500 ESG,106.94
1139,2022-08-29,S&P 500 ESG,106.2
1140,2022-08-30,S&P 500 ESG,105.04
1141,2022-08-31,S&P 500 ESG,104.15
1142,2022-09-01,S&P 500 ESG,104.43
1143,2022-09-02,S&P 500 ESG,103.35
1144,2022-09-06,S&P 500 ESG,102.82
1145,2022-09-07,S&P 500 ESG,104.58
1146,2022-09-08,S&P 500 ESG,105.18
1147,2022-09-09,S&P 500 ESG,106.81
1148,2022-09-12,S&P 500 ESG,108.08
1149,2022-09-13,S&P 500 ESG,103.35
1150,2022-09-14,S&P 500 ESG,103.63
1151,2022-09-15,S&P 500 ESG,102.33
1152,2022-09-16,S&P 500 ESG,101.52
1153,2022-09-19,S&P 500 ESG,102.19
1154,2022-09-20,S&P 500 ESG,101.04
1155,2022-09-21,S&P 500 ESG,99.28
1156,2022-09-22,S&P 500 ESG,98.62
1157,2022-09-23,S&P 500 ESG,96.96
1158,2022-09-26,S&P 500 ESG,96.02
1159,2022-09-27,S&P 500 ESG,95.78
1160,2022-09-28,S&P 500 ESG,97.54
1161,2022-09-29,S&P 500 ESG,95.59
1162,2022-09-30,S&P 500 ESG,94.02
1163,2022-10-03,S&P 500 ESG,96.75
1164,2022-10-04,S&P 500 ESG,99.76
1165,2022-10-05,S&P 500 ESG,99.74
1166,2022-10-06,S&P 500 ESG,98.74
1167,2022-10-07,S&P 500 ESG,95.9
1168,2022-10-10,S&P 500 ESG,95.12
1169,2022-10-11,S&P 500 ESG,94.54
1170,2022-10-12,S&P 500 ESG,94.39
1171,2022-10-13,S&P 500 ESG,96.95
1172,2022-10-14,S&P 500 ESG,94.75
1173,2022-10-17,S&P 500 ESG,97.27
1174,2022-10-18,S&P 500 ESG,98.33
1175,2022-10-19,S&P 500 ESG,97.61
1176,2022-10-20,S&P 500 ESG,97.06
1177,2022-10-21,S&P 500 ESG,99.45
1178,2022-10-24,S&P 500 ESG,100.69
1179,2022-10-25,S&P 500 ESG,102.22
1180,2022-10-26,S&P 500 ESG,101.12
1181,2022-10-27,S&P 500 ESG,100.48
1182,2022-10-28,S&P 500 ESG,102.98
1183,2022-10-31,S&P 500 ESG,102.22
1184,2022-11-01,S&P 500 ESG,101.56
1185,2022-11-02,S&P 500 ESG,99.11
1186,2022-11-03,S&P 500 ESG,97.99
1187,2022-11-04,S&P 500 ESG,99.57
1188,2022-11-07,S&P 500 ESG,100.65
1189,2022-11-08,S&P 500 ESG,101.21
1190,2022-11-09,S&P 500 ESG,99.0
1191,2022-11-10,S&P 500 ESG,104.53
1192,2022-11-11,S&P 500 ESG,105.7
1193,2022-11-14,S&P 500 ESG,104.76
1194,2022-11-15,S&P 500 ESG,105.49
1195,2022-11-16,S&P 500 ESG,104.68
1196,2022-11-17,S&P 500 ESG,104.5
1197,2022-11-18,S&P 500 ESG,104.95
1198,2022-11-21,S&P 500 ESG,104.53
1199,2022-11-22,S&P 500 ESG,105.99
1200,2022-11-23,S&P 500 ESG,106.54
1201,2022-11-25,S&P 500 ESG,106.42
1202,2022-11-28,S&P 500 ESG,104.71
1203,2022-11-29,S&P 500 ESG,104.48
1204,2022-11-30,S&P 500 ESG,107.8
1205,2022-12-01,S&P 500 ESG,107.66
1206,2022-12-02,S&P 500 ESG,107.46
1207,2022-12-05,S&P 500 ESG,105.6
1208,2022-12-06,S&P 500 ESG,104.06
1209,2022-12-07,S&P 500 ESG,103.86
1210,2022-12-08,S&P 500 ESG,104.65
1211,2022-12-09,S&P 500 ESG,103.74
1212,2022-12-12,S&P 500 ESG,105.41
1213,2022-12-13,S&P 500 ESG,106.25
1214,2022-12-14,S&P 500 ESG,105.57
1215,2022-12-15,S&P 500 ESG,102.85
1216,2022-12-16,S&P 500 ESG,101.67
1217,2022-12-19,S&P 500 ESG,100.71
1218,2022-12-20,S&P 500 ESG,100.91
1219,2022-12-21,S&P 500 ESG,102.43
1220,2022-12-22,S&P 500 ESG,100.99
1221,2022-12-23,S&P 500 ESG,101.57
1222,2022-12-27,S&P 500 ESG,101.17
1223,2022-12-28,S&P 500 ESG,99.87
1224,2022-12-29,S&P 500 ESG,101.58
1225,2022-12-30,S&P 500 ESG,101.33
1226,2023-01-03,S&P 500 ESG,100.94
1227,2023-01-04,S&P 500 ESG,101.46
1228,2023-01-05,S&P 500 ESG,100.29
1229,2023-01-06,S&P 500 ESG,102.62
1230,2023-01-09,S&P 500 ESG,102.58
1231,2023-01-10,S&P 500 ESG,103.33
1232,2023-01-11,S&P 500 ESG,104.79
1233,2023-01-12,S&P 500 ESG,105.16
1234,2023-01-13,S&P 500 ESG,105.74
1235,2023-01-17,S&P 500 ESG,105.44
1236,2023-01-18,S&P 500 ESG,103.84
1237,2023-01-19,S&P 500 ESG,103.11
1238,2023-01-20,S&P 500 ESG,105.13
1239,2023-01-23,S&P 500 ESG,106.36
1240,2023-01-24,S&P 500 ESG,106.25
1241,2023-01-25,S&P 500 ESG,106.26
1242,2023-01-26,S&P 500 ESG,107.38
1243,2023-01-27,S&P 500 ESG,107.62
1244,2023-01-30,S&P 500 ESG,106.25
1245,2023-01-31,S&P 500 ESG,107.79
1246,2023-02-01,S&P 500 ESG,108.74
1247,2023-02-02,S&P 500 ESG,110.22
1248,2023-02-03,S&P 500 ESG,109.08
1249,2023-02-06,S&P 500 ESG,108.31
1250,2023-02-07,S&P 500 ESG,109.81
1251,2023-02-08,S&P 500 ESG,108.55
1252,2023-02-09,S&P 500 ESG,107.51
1253,2023-02-10,S&P 500 ESG,107.85
1254,2023-02-13,S&P 500 ESG,109.18
1255,2023-02-14,S&P 500 ESG,109.06
1256,2023-02-15,S&P 500 ESG,109.28
1257,2023-02-16,S&P 500 ESG,107.83
1258,2023-02-17,S&P 500 ESG,107.39
1259,2023-02-21,S&P 500 ESG,105.31
1260,2023-02-22,S&P 500 ESG,105.14
1261,2023-02-23,S&P 500 ESG,105.8
1262,2023-02-24,S&P 500 ESG,104.64
1263,2023-02-27,S&P 500 ESG,104.91
1264,2023-02-28,S&P 500 ESG,104.58
1265,2023-03-01,S&P 500 ESG,104.08
1266,2023-03-02,S&P 500 ESG,104.99
1267,2023-03-03,S&P 500 ESG,106.65
1268,2023-03-06,S&P 500 ESG,106.81
1269,2023-03-07,S&P 500 ESG,105.14
1270,2023-03-08,S&P 500 ESG,105.32
1271,2023-03-09,S&P 500 ESG,103.44
1272,2023-03-10,S&P 500 ESG,101.9
1273,2023-03-13,S&P 500 ESG,101.82
1274,2023-03-14,S&P 500 ESG,103.52
1275,2023-03-15,S&P 500 ESG,102.96
1276,2023-03-16,S&P 500 ESG,104.94
1277,2023-03-17,S&P 500 ESG,104.01
1278,2023-03-20,S&P 500 ESG,104.79
1279,2023-03-21,S&P 500 ESG,106.18
1280,2023-03-22,S&P 500 ESG,104.6
1281,2023-03-23,S&P 500 ESG,104.94
1282,2023-03-24,S&P 500 ESG,105.49
1283,2023-03-27,S&P 500 ESG,105.61
1284,2023-03-28,S&P 500 ESG,105.42
1285,2023-03-29,S&P 500 ESG,106.95
1286,2023-03-30,S&P 500 ESG,107.57
1287,2023-03-31,S&P 500 ESG,109.03
1288,2023-04-03,S&P 500 ESG,109.59
1289,2023-04-04,S&P 500 ESG,108.95
1290,2023-04-05,S&P 500 ESG,108.71
1291,2023-04-06,S&P 500 ESG,109.21
1292,2023-04-10,S&P 500 ESG,109.18
1293,2023-04-11,S&P 500 ESG,109.0
1294,2023-04-12,S&P 500 ESG,108.58
1295,2023-04-13,S&P 500 ESG,110.11
1296,2023-04-14,S&P 500 ESG,109.99
1297,2023-04-17,S&P 500 ESG,110.18
1298,2023-04-18,S&P 500 ESG,110.3
1299,2023-04-19,S&P 500 ESG,110.34
1300,2023-04-20,S&P 500 ESG,109.78
1301,2023-04-21,S&P 500 ESG,109.87
1302,2023-04-24,S&P 500 ESG,109.9
1303,2023-04-25,S&P 500 ESG,108.12
1304,2023-04-26,S&P 500 ESG,108.07
1305,2023-04-27,S&P 500 ESG,110.16
1306,2023-04-28,S&P 500 ESG,111.03
1307,2023-05-01,S&P 500 ESG,111.0
1308,2023-05-02,S&P 500 ESG,109.79
1309,2023-05-03,S&P 500 ESG,109.01
1310,2023-05-04,S&P 500 ESG,108.28
1311,2023-05-05,S&P 500 ESG,110.51
1312,2023-05-08,S&P 500 ESG,110.61
1313,2023-05-09,S&P 500 ESG,110.04
1314,2023-05-10,S&P 500 ESG,110.66
1315,2023-05-11,S&P 500 ESG,110.52
1316,2023-05-12,S&P 500 ESG,110.26
1317,2023-05-15,S&P 500 ESG,110.57
1318,2023-05-16,S&P 500 ESG,109.94
1319,2023-05-17,S&P 500 ESG,111.26
1320,2023-05-18,S&P 500 ESG,112.34
1321,2023-05-19,S&P 500 ESG,112.13
1322,2023-05-22,S&P 500 ESG,112.17
1323,2023-05-23,S&P 500 ESG,110.89
1324,2023-05-24,S&P 500 ESG,110.06
1325,2023-05-25,S&P 500 ESG,111.2
1326,2023-05-26,S&P 500 ESG,112.67
1327,2023-05-30,S&P 500 ESG,112.7
1328,2023-05-31,S&P 500 ESG,111.92
1329,2023-06-01,S&P 500 ESG,113.17
1330,2023-06-02,S&P 500 ESG,114.78
1331,2023-06-05,S&P 500 ESG,114.59
1332,2023-06-06,S&P 500 ESG,114.81
1333,2023-06-07,S&P 500 ESG,114.15
1334,2023-06-08,S&P 500 ESG,114.95
1335,2023-06-09,S&P 500 ESG,115.16
1336,2023-06-12,S&P 500 ESG,116.22
1337,2023-06-13,S&P 500 ESG,117.06
1338,2023-06-14,S&P 500 ESG,117.15
1339,2023-06-15,S&P 500 ESG,118.53
1340,2023-06-16,S&P 500 ESG,118.08
1341,2023-06-20,S&P 500 ESG,117.57
1342,2023-06-21,S&P 500 ESG,116.79
1343,2023-06-22,S&P 500 ESG,117.44
1344,2023-06-23,S&P 500 ESG,116.46
1345,2023-06-26,S&P 500 ESG,115.79
1346,2023-06-27,S&P 500 ESG,117.11
1347,2023-06-28,S&P 500 ESG,117.1
1348,2023-06-29,S&P 500 ESG,117.49
1349,2023-06-30,S&P 500 ESG,119.01
1350,2023-07-03,S&P 500 ESG,119.21
1351,2023-07-05,S&P 500 ESG,118.94
1352,2023-07-06,S&P 500 ESG,118.06
1353,2023-07-07,S&P 500 ESG,117.72
1354,2023-07-10,S&P 500 ESG,117.73
1355,2023-07-11,S&P 500 ESG,118.45
1356,2023-07-12,S&P 500 ESG,119.36
1357,2023-07-13,S&P 500 ESG,120.55
1358,2023-07-14,S&P 500 ESG,120.53
1359,2023-07-17,S&P 500 ESG,120.96
1360,2023-07-18,S&P 500 ESG,122.04
1361,2023-07-19,S&P 500 ESG,122.41
1362,2023-07-20,S&P 500 ESG,121.35
1363,2023-07-21,S&P 500 ESG,121.36
1364,2023-07-24,S&P 500 ESG,121.94
1365,2023-07-25,S&P 500 ESG,122.31
1366,2023-07-26,S&P 500 ESG,122.24
1367,2023-07-27,S&P 500 ESG,121.4
1368,2023-07-28,S&P 500 ESG,122.73
1369,2023-07-31,S&P 500 ESG,123.04
1370,2023-08-01,S&P 500 ESG,122.6
1371,2023-08-02,S&P 500 ESG,120.8
1372,2023-08-03,S&P 500 ESG,120.46
1373,2023-08-04,S&P 500 ESG,119.88
1374,2023-08-07,S&P 500 ESG,120.82
1375,2023-08-08,S&P 500 ESG,120.33
1376,2023-08-09,S&P 500 ESG,119.4
1377,2023-08-10,S&P 500 ESG,119.46
1378,2023-08-11,S&P 500 ESG,119.29
1379,2023-08-14,S&P 500 ESG,120.06
1380,2023-08-15,S&P 500 ESG,118.68
1381,2023-08-16,S&P 500 ESG,117.81
1382,2023-08-17,S&P 500 ESG,116.95
1383,2023-08-18,S&P 500 ESG,116.89
1384,2023-08-21,S&P 500 ESG,117.84
1385,2023-08-22,S&P 500 ESG,117.52
1386,2023-08-23,S&P 500 ESG,118.91
1387,2023-08-24,S&P 500 ESG,117.24
1388,2023-08-25,S&P 500 ESG,118.04
1389,2023-08-28,S&P 500 ESG,118.75
1390,2023-08-29,S&P 500 ESG,120.59
1391,2023-08-30,S&P 500 ESG,121.08
1392,2023-08-31,S&P 500 ESG,120.89
1393,2023-09-01,S&P 500 ESG,121.14
1394,2023-09-05,S&P 500 ESG,120.69
1395,2023-09-06,S&P 500 ESG,119.68
1396,2023-09-07,S&P 500 ESG,119.26
1397,2023-09-08,S&P 500 ESG,119.48
1398,2023-09-11,S&P 500 ESG,120.35
1399,2023-09-12,S&P 500 ESG,119.71
1400,2023-09-13,S&P 500 ESG,119.85
1401,2023-09-14,S&P 500 ESG,120.8
1402,2023-09-15,S&P 500 ESG,119.33
1403,2023-09-18,S&P 500 ESG,119.37
1404,2023-09-19,S&P 500 ESG,119.04
1405,2023-09-20,S&P 500 ESG,117.77
1406,2023-09-21,S&P 500 ESG,115.84
1407,2023-09-22,S&P 500 ESG,115.5
1408,2023-09-25,S&P 500 ESG,115.99
1409,2023-09-26,S&P 500 ESG,114.22
1410,2023-09-27,S&P 500 ESG,114.19
1411,2023-09-28,S&P 500 ESG,114.9
1412,2023-09-29,S&P 500 ESG,114.7
1413,2023-10-02,S&P 500 ESG,114.93
1414,2023-10-03,S&P 500 ESG,113.3
1415,2023-10-04,S&P 500 ESG,114.32
1416,2023-10-05,S&P 500 ESG,114.19
1417,2023-10-06,S&P 500 ESG,115.62
1418,2023-10-09,S&P 500 ESG,116.21
1419,2023-10-10,S&P 500 ESG,116.79
1420,2023-10-11,S&P 500 ESG,117.44
1421,2023-10-12,S&P 500 ESG,116.84
1422,2023-10-13,S&P 500 ESG,116.17
1423,2023-10-16,S&P 500 ESG,117.42
1424,2023-10-17,S&P 500 ESG,117.29
1425,2023-10-18,S&P 500 ESG,115.68
1426,2023-10-19,S&P 500 ESG,114.79
1427,2023-10-20,S&P 500 ESG,113.36
1428,2023-10-23,S&P 500 ESG,113.17
1429,2023-10-24,S&P 500 ESG,114.08
1430,2023-10-25,S&P 500 ESG,112.41
1431,2023-10-26,S&P 500 ESG,110.89
1432,2023-10-27,S&P 500 ESG,110.41
1433,2023-10-30,S&P 500 ESG,111.87
1434,2023-10-31,S&P 500 ESG,112.5
1435,2023-11-01,S&P 500 ESG,113.76
1436,2023-11-02,S&P 500 ESG,115.96
1437,2023-11-03,S&P 500 ESG,116.94
1438,2023-11-06,S&P 500 ESG,117.33
1439,2023-11-07,S&P 500 ESG,117.7
1440,2023-11-08,S&P 500 ESG,117.85
1441,2023-11-09,S&P 500 ESG,116.78
1442,2023-11-10,S&P 500 ESG,118.63
1443,2023-11-13,S&P 500 ESG,118.48
1444,2023-11-14,S&P 500 ESG,120.68
1445,2023-11-15,S&P 500 ESG,120.87
1446,2023-11-16,S&P 500 ESG,121.1
1447,2023-11-17,S&P 500 ESG,121.13
1448,2023-11-20,S&P 500 ESG,122.04
1449,2023-11-21,S&P 500 ESG,121.77
1450,2023-11-22,S&P 500 ESG,122.25
1451,2023-11-24,S&P 500 ESG,122.25
1452,2023-11-27,S&P 500 ESG,122.09
1453,2023-11-28,S&P 500 ESG,122.25
1454,2023-11-29,S&P 500 ESG,122.09
1455,2023-11-30,S&P 500 ESG,122.5
1456,2023-12-01,S&P 500 ESG,123.11
1457,2023-12-04,S&P 500 ESG,122.33
1458,2023-12-05,S&P 500 ESG,122.5
1459,2023-12-06,S&P 500 ESG,121.95
1460,2023-12-07,S&P 500 ESG,123.01
1461,2023-12-08,S&P 500 ESG,123.47
1462,2023-12-11,S&P 500 ESG,123.63
1463,2023-12-12,S&P 500 ESG,124.19
1464,2023-12-13,S&P 500 ESG,125.84
1465,2023-12-14,S&P 500 ESG,126.19
1466,2023-12-15,S&P 500 ESG,126.19
1467,2023-12-18,S&P 500 ESG,126.72
1468,2023-12-19,S&P 500 ESG,127.45
1469,2023-12-20,S&P 500 ESG,125.7
1470,2023-12-21,S&P 500 ESG,126.97
1471,2023-12-22,S&P 500 ESG,127.14
1472,2023-12-26,S&P 500 ESG,127.67
1473,2023-12-27,S&P 500 ESG,127.86
1474,2023-12-28,S&P 500 ESG,127.92
1475,2023-12-29,S&P 500 ESG,127.58
1476,2024-01-02,S&P 500 ESG,126.83
1477,2024-01-03,S&P 500 ESG,125.91
1478,2024-01-04,S&P 500 ESG,125.38
1479,2024-01-05,S&P 500 ESG,125.57
1480,2024-01-08,S&P 500 ESG,127.51
1481,2024-01-09,S&P 500 ESG,127.34
1482,2024-01-10,S&P 500 ESG,128.01
1483,2024-01-11,S&P 500 ESG,127.94
1484,2024-01-12,S&P 500 ESG,127.94
1485,2024-01-16,S&P 500 ESG,127.59
1486,2024-01-17,S&P 500 ESG,126.84
1487,2024-01-18,S&P 500 ESG,127.89
1488,2024-01-19,S&P 500 ESG,129.48
1489,2024-01-22,S&P 500 ESG,129.7
1490,2024-01-23,S&P 500 ESG,130.19
1491,2024-01-24,S&P 500 ESG,130.37
1492,2024-01-25,S&P 500 ESG,130.99
1493,2024-01-26,S&P 500 ESG,130.87
1494,2024-01-29,S&P 500 ESG,131.88
1495,2024-01-30,S&P 500 ESG,131.66
1496,2024-01-31,S&P 500 ESG,129.39
1497,2024-02-01,S&P 500 ESG,131.09
1498,2024-02-02,S&P 500 ESG,132.14
1499,2024-02-05,S&P 500 ESG,131.9
1500,2024-02-06,S&P 500 ESG,132.23
1501,2024-02-07,S&P 500 ESG,133.2
1502,2024-02-08,S&P 500 ESG,133.21
1503,2024-02-09,S&P 500 ESG,134.22
1504,2024-02-12,S&P 500 ESG,133.99
1505,2024-02-13,S&P 500 ESG,132.18
1506,2024-02-14,S&P 500 ESG,133.32
1507,2024-02-15,S&P 500 ESG,133.87
1508,2024-02-16,S&P 500 ESG,133.32
1509,2024-02-20,S&P 500 ESG,132.41
1510,2024-02-21,S&P 500 ESG,132.65
1511,2024-02-22,S&P 500 ESG,135.61
1512,2021-02-22,Difference,0.010000000000005116
1513,2021-02-23,Difference,-0.010000000000005116
1514,2021-02-24,Difference,0.20000000000000284
1515,2021-02-25,Difference,0.10999999999999943
1516,2021-02-26,Difference,0.03999999999999204
1517,2021-03-01,Difference,0.10000000000000853
1518,2021-03-02,Difference,0.0899999999999892
1519,2021-03-03,Difference,0.03999999999999204
1520,2021-03-04,Difference,-0.2600000000000051
1521,2021-03-05,Difference,-0.3100000000000023
1522,2021-03-08,Difference,-0.14000000000000057
1523,2021-03-09,Difference,-0.060000000000002274
1524,2021-03-10,Difference,0.030000000000001137
1525,2021-03-11,Difference,0.04000000000000625
1526,2021-03-12,Difference,0.1599999999999966
1527,2021-03-15,Difference,0.18999999999999773
1528,2021-03-16,Difference,-0.04999999999999716
1529,2021-03-17,Difference,0.030000000000001137
1530,2021-03-18,Difference,-0.030000000000001137
1531,2021-03-19,Difference,0.0
1532,2021-03-22,Difference,-0.0899999999999892
1533,2021-03-23,Difference,-0.20000000000000284
1534,2021-03-24,Difference,-0.25
1535,2021-03-25,Difference,-0.15000000000000568
1536,2021-03-26,Difference,-0.23000000000000398
1537,2021-03-29,Difference,-0.3499999999999943
1538,2021-03-30,Difference,-0.18999999999999773
1539,2021-03-31,Difference,-0.18000000000000682
1540,2021-04-01,Difference,-0.21999999999999886
1541,2021-04-05,Difference,-0.30000000000001137
1542,2021-04-06,Difference,-0.23999999999999488
1543,2021-04-07,Difference,-0.45999999999999375
1544,2021-04-08,Difference,-0.39000000000000057
1545,2021-04-09,Difference,-0.5699999999999932
1546,2021-04-12,Difference,-0.46999999999999886
1547,2021-04-13,Difference,-0.4099999999999966
1548,2021-04-14,Difference,-0.37000000000000455
1549,2021-04-15,Difference,-0.5100000000000051
1550,2021-04-16,Difference,-0.46999999999999886
1551,2021-04-19,Difference,-0.5800000000000125
1552,2021-04-20,Difference,-0.5499999999999972
1553,2021-04-21,Difference,-0.4899999999999949
1554,2021-04-22,Difference,-0.4399999999999977
1555,2021-04-23,Difference,-0.480000000000004
1556,2021-04-26,Difference,-0.46999999999999886
1557,2021-04-27,Difference,-0.5699999999999932
1558,2021-04-28,Difference,-0.6500000000000057
1559,2021-04-29,Difference,-0.7400000000000091
1560,2021-04-30,Difference,-0.6500000000000057
1561,2021-05-03,Difference,-0.6500000000000057
1562,2021-05-04,Difference,-0.5300000000000011
1563,2021-05-05,Difference,-0.6399999999999864
1564,2021-05-06,Difference,-0.6300000000000097
1565,2021-05-07,Difference,-0.6499999999999915
1566,2021-05-10,Difference,-0.6000000000000085
1567,2021-05-11,Difference,-0.5499999999999972
1568,2021-05-12,Difference,-0.5400000000000063
1569,2021-05-13,Difference,-0.5300000000000011
1570,2021-05-14,Difference,-0.5099999999999909
1571,2021-05-17,Difference,-0.4900000000000091
1572,2021-05-18,Difference,-0.46000000000000796
1573,2021-05-19,Difference,-0.44000000000001194
1574,2021-05-20,Difference,-0.46000000000000796
1575,2021-05-21,Difference,-0.4200000000000017
1576,2021-05-24,Difference,-0.46999999999999886
1577,2021-05-25,Difference,-0.45999999999999375
1578,2021-05-26,Difference,-0.47999999999998977
1579,2021-05-27,Difference,-0.28000000000000114
1580,2021-05-28,Difference,-0.3499999999999943
1581,2021-06-01,Difference,-0.3299999999999983
1582,2021-06-02,Difference,-0.37000000000000455
1583,2021-06-03,Difference,-0.4000000000000057
1584,2021-06-04,Difference,-0.46000000000000796
1585,2021-06-07,Difference,-0.5100000000000051
1586,2021-06-08,Difference,-0.5600000000000023
1587,2021-06-09,Difference,-0.5799999999999983
1588,2021-06-10,Difference,-0.6400000000000006
1589,2021-06-11,Difference,-0.6400000000000006
1590,2021-06-14,Difference,-0.6899999999999977
1591,2021-06-15,Difference,-0.6400000000000006
1592,2021-06-16,Difference,-0.7199999999999989
1593,2021-06-17,Difference,-0.75
1594,2021-06-18,Difference,-0.7599999999999909
1595,2021-06-21,Difference,-0.7399999999999949
1596,2021-06-22,Difference,-0.7800000000000011
1597,2021-06-23,Difference,-0.7900000000000063
1598,2021-06-24,Difference,-0.7700000000000102
1599,2021-06-25,Difference,-0.7000000000000028
1600,2021-06-28,Difference,-0.7199999999999989
1601,2021-06-29,Difference,-0.8299999999999983
1602,2021-06-30,Difference,-0.8700000000000045
1603,2021-07-01,Difference,-0.7999999999999972
1604,2021-07-02,Difference,-0.9699999999999989
1605,2021-07-06,Difference,-1.0799999999999983
1606,2021-07-07,Difference,-1.1099999999999994
1607,2021-07-08,Difference,-1.1500000000000057
1608,2021-07-09,Difference,-1.0500000000000114
1609,2021-07-12,Difference,-1.0999999999999943
1610,2021-07-13,Difference,-1.1899999999999977
1611,2021-07-14,Difference,-1.1899999999999977
1612,2021-07-15,Difference,-1.1700000000000017
1613,2021-07-16,Difference,-1.1700000000000017
1614,2021-07-19,Difference,-1.1700000000000017
1615,2021-07-20,Difference,-1.1000000000000085
1616,2021-07-21,Difference,-1.0800000000000125
1617,2021-07-22,Difference,-1.1699999999999875
1618,2021-07-23,Difference,-1.059999999999988
1619,2021-07-26,Difference,-1.1199999999999903
1620,2021-07-27,Difference,-0.9699999999999989
1621,2021-07-28,Difference,-0.8900000000000006
1622,2021-07-29,Difference,-1.0499999999999972
1623,2021-07-30,Difference,-0.9299999999999926
1624,2021-08-02,Difference,-1.0499999999999972
1625,2021-08-03,Difference,-1.0499999999999972
1626,2021-08-04,Difference,-1.0100000000000051
1627,2021-08-05,Difference,-0.9399999999999977
1628,2021-08-06,Difference,-0.8799999999999955
1629,2021-08-09,Difference,-0.8400000000000034
1630,2021-08-10,Difference,-0.8700000000000045
1631,2021-08-11,Difference,-0.8500000000000085
1632,2021-08-12,Difference,-0.9399999999999977
1633,2021-08-13,Difference,-0.9899999999999949
1634,2021-08-16,Difference,-1.0100000000000051
1635,2021-08-17,Difference,-0.9899999999999949
1636,2021-08-18,Difference,-0.9399999999999977
1637,2021-08-19,Difference,-0.9500000000000028
1638,2021-08-20,Difference,-1.0100000000000051
1639,2021-08-23,Difference,-1.0900000000000034
1640,2021-08-24,Difference,-1.0799999999999983
1641,2021-08-25,Difference,-1.0300000000000011
1642,2021-08-26,Difference,-1.0100000000000051
1643,2021-08-27,Difference,-0.9899999999999949
1644,2021-08-30,Difference,-1.0600000000000023
1645,2021-08-31,Difference,-1.0600000000000023
1646,2021-09-01,Difference,-1.0400000000000063
1647,2021-09-02,Difference,-1.0200000000000102
1648,2021-09-03,Difference,-1.039999999999992
1649,2021-09-07,Difference,-1.0699999999999932
1650,2021-09-08,Difference,-1.0900000000000034
1651,2021-09-09,Difference,-1.009999999999991
1652,2021-09-10,Difference,-0.9200000000000017
1653,2021-09-13,Difference,-1.0699999999999932
1654,2021-09-14,Difference,-1.0499999999999972
1655,2021-09-15,Difference,-1.1299999999999955
1656,2021-09-16,Difference,-1.1299999999999955
1657,2021-09-17,Difference,-1.1200000000000045
1658,2021-09-20,Difference,-1.009999999999991
1659,2021-09-21,Difference,-1.0
1660,2021-09-22,Difference,-1.0799999999999983
1661,2021-09-23,Difference,-1.1099999999999994
1662,2021-09-24,Difference,-1.0799999999999983
1663,2021-09-27,Difference,-1.0899999999999892
1664,2021-09-28,Difference,-1.0799999999999983
1665,2021-09-29,Difference,-1.0300000000000011
1666,2021-09-30,Difference,-0.9799999999999898
1667,2021-10-01,Difference,-1.0799999999999983
1668,2021-10-04,Difference,-1.1000000000000085
1669,2021-10-05,Difference,-1.0799999999999983
1670,2021-10-06,Difference,-1.1500000000000057
1671,2021-10-07,Difference,-1.2999999999999972
1672,2021-10-08,Difference,-1.3599999999999994
1673,2021-10-11,Difference,-1.4300000000000068
1674,2021-10-12,Difference,-1.3900000000000006
1675,2021-10-13,Difference,-1.3799999999999955
1676,2021-10-14,Difference,-1.4899999999999949
1677,2021-10-15,Difference,-1.6400000000000006
1678,2021-10-18,Difference,-1.6099999999999994
1679,2021-10-19,Difference,-1.5900000000000034
1680,2021-10-20,Difference,-1.6200000000000045
1681,2021-10-21,Difference,-1.6600000000000108
1682,2021-10-22,Difference,-1.7099999999999937
1683,2021-10-25,Difference,-1.75
1684,2021-10-26,Difference,-2.0600000000000023
1685,2021-10-27,Difference,-2.3699999999999903
1686,2021-10-28,Difference,-2.4399999999999977
1687,2021-10-29,Difference,-2.510000000000005
1688,2021-11-01,Difference,-2.410000000000011
1689,2021-11-02,Difference,-2.489999999999995
1690,2021-11-03,Difference,-2.5600000000000023
1691,2021-11-04,Difference,-2.8800000000000097
1692,2021-11-05,Difference,-2.8800000000000097
1693,2021-11-08,Difference,-2.8900000000000006
1694,2021-11-09,Difference,-2.9099999999999966
1695,2021-11-10,Difference,-2.8799999999999955
1696,2021-11-11,Difference,-2.8699999999999903
1697,2021-11-12,Difference,-2.780000000000001
1698,2021-11-15,Difference,-2.6700000000000017
1699,2021-11-16,Difference,-2.8200000000000074
1700,2021-11-17,Difference,-2.9000000000000057
1701,2021-11-18,Difference,-3.25
1702,2021-11-19,Difference,-3.3100000000000023
1703,2021-11-22,Difference,-3.280000000000001
1704,2021-11-23,Difference,-3.3400000000000034
1705,2021-11-24,Difference,-3.3499999999999943
1706,2021-11-26,Difference,-3.1299999999999955
1707,2021-11-29,Difference,-3.2900000000000063
1708,2021-11-30,Difference,-3.5
1709,2021-12-01,Difference,-3.6300000000000097
1710,2021-12-02,Difference,-3.549999999999997
1711,2021-12-03,Difference,-3.3799999999999955
1712,2021-12-06,Difference,-3.3100000000000023
1713,2021-12-07,Difference,-3.4399999999999977
1714,2021-12-08,Difference,-3.4200000000000017
1715,2021-12-09,Difference,-3.4000000000000057
1716,2021-12-10,Difference,-3.5
1717,2021-12-13,Difference,-3.239999999999995
1718,2021-12-14,Difference,-3.1099999999999994
1719,2021-12-15,Difference,-3.289999999999992
1720,2021-12-16,Difference,-3.0900000000000034
1721,2021-12-17,Difference,-2.990000000000009
1722,2021-12-20,Difference,-2.969999999999999
1723,2021-12-21,Difference,-3.009999999999991
1724,2021-12-22,Difference,-3.1599999999999966
1725,2021-12-23,Difference,-3.210000000000008
1726,2021-12-27,Difference,-3.3100000000000023
1727,2021-12-28,Difference,-3.25
1728,2021-12-29,Difference,-3.219999999999999
1729,2021-12-30,Difference,-3.1300000000000097
1730,2021-12-31,Difference,-3.1400000000000006
1731,2022-01-03,Difference,-3.4000000000000057
1732,2022-01-04,Difference,-3.219999999999999
1733,2022-01-05,Difference,-3.1400000000000006
1734,2022-01-06,Difference,-2.9299999999999926
1735,2022-01-07,Difference,-2.9200000000000017
1736,2022-01-10,Difference,-3.0400000000000063
1737,2022-01-11,Difference,-3.0999999999999943
1738,2022-01-12,Difference,-3.2099999999999937
1739,2022-01-13,Difference,-3.030000000000001
1740,2022-01-14,Difference,-3.0700000000000074
1741,2022-01-18,Difference,-3.1300000000000097
1742,2022-01-19,Difference,-3.069999999999993
1743,2022-01-20,Difference,-3.0799999999999983
1744,2022-01-21,Difference,-3.210000000000008
1745,2022-01-24,Difference,-3.0799999999999983
1746,2022-01-25,Difference,-2.969999999999999
1747,2022-01-26,Difference,-3.1700000000000017
1748,2022-01-27,Difference,-3.0799999999999983
1749,2022-01-28,Difference,-3.3400000000000034
1750,2022-01-31,Difference,-3.3100000000000023
1751,2022-02-01,Difference,-3.240000000000009
1752,2022-02-02,Difference,-3.530000000000001
1753,2022-02-03,Difference,-3.9200000000000017
1754,2022-02-04,Difference,-4.099999999999994
1755,2022-02-07,Difference,-4.109999999999999
1756,2022-02-08,Difference,-4.170000000000002
1757,2022-02-09,Difference,-4.099999999999994
1758,2022-02-10,Difference,-3.969999999999999
1759,2022-02-11,Difference,-3.75
1760,2022-02-14,Difference,-3.9099999999999966
1761,2022-02-15,Difference,-4.049999999999997
1762,2022-02-16,Difference,-4.13000000000001
1763,2022-02-17,Difference,-4.0
1764,2022-02-18,Difference,-3.8900000000000006
1765,2022-02-22,Difference,-3.8299999999999983
1766,2022-02-23,Difference,-3.680000000000007
1767,2022-02-24,Difference,-3.75
1768,2022-02-25,Difference,-3.6799999999999926
1769,2022-02-28,Difference,-3.6500000000000057
1770,2022-03-01,Difference,-3.589999999999989
1771,2022-03-02,Difference,-3.6599999999999966
1772,2022-03-03,Difference,-3.6200000000000045
1773,2022-03-04,Difference,-3.489999999999995
1774,2022-03-07,Difference,-3.339999999999989
1775,2022-03-08,Difference,-3.3499999999999943
1776,2022-03-09,Difference,-3.480000000000004
1777,2022-03-10,Difference,-3.4599999999999937
1778,2022-03-11,Difference,-3.4099999999999966
1779,2022-03-14,Difference,-3.240000000000009
1780,2022-03-15,Difference,-3.3599999999999994
1781,2022-03-16,Difference,-3.510000000000005
1782,2022-03-17,Difference,-3.519999999999996
1783,2022-03-18,Difference,-3.6500000000000057
1784,2022-03-21,Difference,-3.740000000000009
1785,2022-03-22,Difference,-3.8299999999999983
1786,2022-03-23,Difference,-3.8500000000000085
1787,2022-03-24,Difference,-3.9599999999999937
1788,2022-03-25,Difference,-3.9199999999999875
1789,2022-03-28,Difference,-4.079999999999998
1790,2022-03-29,Difference,-4.079999999999998
1791,2022-03-30,Difference,-4.039999999999992
1792,2022-03-31,Difference,-3.8700000000000045
1793,2022-04-01,Difference,-3.8100000000000023
1794,2022-04-04,Difference,-4.0
1795,2022-04-05,Difference,-3.799999999999997
1796,2022-04-06,Difference,-3.530000000000001
1797,2022-04-07,Difference,-3.5799999999999983
1798,2022-04-08,Difference,-3.480000000000004
1799,2022-04-11,Difference,-3.2099999999999937
1800,2022-04-12,Difference,-3.1899999999999977
1801,2022-04-13,Difference,-3.3500000000000085
1802,2022-04-14,Difference,-3.1700000000000017
1803,2022-04-18,Difference,-3.260000000000005
1804,2022-04-19,Difference,-3.219999999999999
1805,2022-04-20,Difference,-3.3999999999999915
1806,2022-04-21,Difference,-3.450000000000003
1807,2022-04-22,Difference,-3.299999999999997
1808,2022-04-25,Difference,-3.3299999999999983
1809,2022-04-26,Difference,-3.030000000000001
1810,2022-04-27,Difference,-3.200000000000003
1811,2022-04-28,Difference,-3.2900000000000063
1812,2022-04-29,Difference,-3.0
1813,2022-05-02,Difference,-2.9200000000000017
1814,2022-05-03,Difference,-2.9399999999999977
1815,2022-05-04,Difference,-3.0
1816,2022-05-05,Difference,-2.9199999999999875
1817,2022-05-06,Difference,-3.049999999999997
1818,2022-05-09,Difference,-2.930000000000007
1819,2022-05-10,Difference,-3.0400000000000063
1820,2022-05-11,Difference,-3.039999999999992
1821,2022-05-12,Difference,-2.8400000000000034
1822,2022-05-13,Difference,-2.9399999999999977
1823,2022-05-16,Difference,-3.019999999999996
1824,2022-05-17,Difference,-3.0900000000000034
1825,2022-05-18,Difference,-2.9199999999999875
1826,2022-05-19,Difference,-2.760000000000005
1827,2022-05-20,Difference,-2.9000000000000057
1828,2022-05-23,Difference,-3.1500000000000057
1829,2022-05-24,Difference,-3.1599999999999966
1830,2022-05-25,Difference,-3.0799999999999983
1831,2022-05-26,Difference,-3.009999999999991
1832,2022-05-27,Difference,-3.0600000000000023
1833,2022-05-31,Difference,-3.219999999999999
1834,2022-06-01,Difference,-3.3799999999999955
1835,2022-06-02,Difference,-3.25
1836,2022-06-03,Difference,-3.239999999999995
1837,2022-06-06,Difference,-3.230000000000004
1838,2022-06-07,Difference,-3.280000000000001
1839,2022-06-08,Difference,-3.3000000000000114
1840,2022-06-09,Difference,-3.1499999999999915
1841,2022-06-10,Difference,-2.940000000000012
1842,2022-06-13,Difference,-2.8999999999999915
1843,2022-06-14,Difference,-2.9799999999999898
1844,2022-06-15,Difference,-3.030000000000001
1845,2022-06-16,Difference,-3.0600000000000023
1846,2022-06-17,Difference,-3.0600000000000023
1847,2022-06-21,Difference,-3.269999999999996
1848,2022-06-22,Difference,-3.2900000000000063
1849,2022-06-23,Difference,-3.3500000000000085
1850,2022-06-24,Difference,-3.3700000000000045
1851,2022-06-27,Difference,-3.3299999999999983
1852,2022-06-28,Difference,-3.3100000000000023
1853,2022-06-29,Difference,-3.430000000000007
1854,2022-06-30,Difference,-3.2099999999999937
1855,2022-07-01,Difference,-3.200000000000003
1856,2022-07-05,Difference,-3.3100000000000023
1857,2022-07-06,Difference,-3.3700000000000045
1858,2022-07-07,Difference,-3.4399999999999977
1859,2022-07-08,Difference,-3.4099999999999966
1860,2022-07-11,Difference,-3.4399999999999977
1861,2022-07-12,Difference,-3.3299999999999983
1862,2022-07-13,Difference,-3.269999999999996
1863,2022-07-14,Difference,-3.2900000000000063
1864,2022-07-15,Difference,-3.3799999999999955
1865,2022-07-18,Difference,-3.289999999999992
1866,2022-07-19,Difference,-3.4399999999999977
1867,2022-07-20,Difference,-3.4099999999999966
1868,2022-07-21,Difference,-3.230000000000004
1869,2022-07-22,Difference,-3.0799999999999983
1870,2022-07-25,Difference,-3.0799999999999983
1871,2022-07-26,Difference,-3.030000000000001
1872,2022-07-27,Difference,-3.210000000000008
1873,2022-07-28,Difference,-3.190000000000012
1874,2022-07-29,Difference,-3.230000000000004
1875,2022-08-01,Difference,-3.1099999999999994
1876,2022-08-02,Difference,-2.969999999999999
1877,2022-08-03,Difference,-3.0999999999999943
1878,2022-08-04,Difference,-3.1500000000000057
1879,2022-08-05,Difference,-3.3100000000000023
1880,2022-08-08,Difference,-3.1700000000000017
1881,2022-08-09,Difference,-3.2700000000000102
1882,2022-08-10,Difference,-3.3400000000000034
1883,2022-08-11,Difference,-3.430000000000007
1884,2022-08-12,Difference,-3.489999999999995
1885,2022-08-15,Difference,-3.430000000000007
1886,2022-08-16,Difference,-3.4399999999999977
1887,2022-08-17,Difference,-3.4599999999999937
1888,2022-08-18,Difference,-3.4599999999999937
1889,2022-08-19,Difference,-3.4200000000000017
1890,2022-08-22,Difference,-3.3499999999999943
1891,2022-08-23,Difference,-3.289999999999992
1892,2022-08-24,Difference,-3.240000000000009
1893,2022-08-25,Difference,-3.289999999999992
1894,2022-08-26,Difference,-3.0799999999999983
1895,2022-08-29,Difference,-3.030000000000001
1896,2022-08-30,Difference,-3.010000000000005
1897,2022-08-31,Difference,-2.910000000000011
1898,2022-09-01,Difference,-2.8900000000000006
1899,2022-09-02,Difference,-2.8999999999999915
1900,2022-09-06,Difference,-2.779999999999987
1901,2022-09-07,Difference,-2.7099999999999937
1902,2022-09-08,Difference,-2.6300000000000097
1903,2022-09-09,Difference,-2.700000000000003
1904,2022-09-12,Difference,-2.8700000000000045
1905,2022-09-13,Difference,-2.6799999999999926
1906,2022-09-14,Difference,-2.6199999999999903
1907,2022-09-15,Difference,-2.469999999999999
1908,2022-09-16,Difference,-2.3699999999999903
1909,2022-09-19,Difference,-2.3599999999999994
1910,2022-09-20,Difference,-2.3400000000000034
1911,2022-09-21,Difference,-2.269999999999996
1912,2022-09-22,Difference,-2.430000000000007
1913,2022-09-23,Difference,-2.4199999999999875
1914,2022-09-26,Difference,-2.4599999999999937
1915,2022-09-27,Difference,-2.4200000000000017
1916,2022-09-28,Difference,-2.3400000000000034
1917,2022-09-29,Difference,-2.4000000000000057
1918,2022-09-30,Difference,-2.239999999999995
1919,2022-10-03,Difference,-2.5900000000000034
1920,2022-10-04,Difference,-2.719999999999999
1921,2022-10-05,Difference,-2.8999999999999915
1922,2022-10-06,Difference,-2.8900000000000006
1923,2022-10-07,Difference,-2.740000000000009
1924,2022-10-10,Difference,-2.6500000000000057
1925,2022-10-11,Difference,-2.680000000000007
1926,2022-10-12,Difference,-2.8299999999999983
1927,2022-10-13,Difference,-3.010000000000005
1928,2022-10-14,Difference,-3.030000000000001
1929,2022-10-17,Difference,-3.1299999999999955
1930,2022-10-18,Difference,-3.1099999999999994
1931,2022-10-19,Difference,-3.030000000000001
1932,2022-10-20,Difference,-3.230000000000004
1933,2022-10-21,Difference,-3.3900000000000006
1934,2022-10-24,Difference,-3.489999999999995
1935,2022-10-25,Difference,-3.4399999999999977
1936,2022-10-26,Difference,-3.0700000000000074
1937,2022-10-27,Difference,-3.0200000000000102
1938,2022-10-28,Difference,-3.1200000000000045
1939,2022-10-31,Difference,-3.1099999999999994
1940,2022-11-01,Difference,-2.8599999999999994
1941,2022-11-02,Difference,-2.8700000000000045
1942,2022-11-03,Difference,-2.769999999999996
1943,2022-11-04,Difference,-3.059999999999988
1944,2022-11-07,Difference,-3.210000000000008
1945,2022-11-08,Difference,-3.219999999999999
1946,2022-11-09,Difference,-3.049999999999997
1947,2022-11-10,Difference,-3.260000000000005
1948,2022-11-11,Difference,-3.490000000000009
1949,2022-11-14,Difference,-3.469999999999999
1950,2022-11-15,Difference,-3.309999999999988
1951,2022-11-16,Difference,-3.3500000000000085
1952,2022-11-17,Difference,-3.480000000000004
1953,2022-11-18,Difference,-3.450000000000003
1954,2022-11-21,Difference,-3.4200000000000017
1955,2022-11-22,Difference,-3.509999999999991
1956,2022-11-23,Difference,-3.450000000000003
1957,2022-11-25,Difference,-3.3599999999999994
1958,2022-11-28,Difference,-3.239999999999995
1959,2022-11-29,Difference,-3.180000000000007
1960,2022-11-30,Difference,-3.3599999999999994
1961,2022-12-01,Difference,-3.3100000000000023
1962,2022-12-02,Difference,-3.239999999999995
1963,2022-12-05,Difference,-3.239999999999995
1964,2022-12-06,Difference,-3.180000000000007
1965,2022-12-07,Difference,-3.1599999999999966
1966,2022-12-08,Difference,-3.200000000000003
1967,2022-12-09,Difference,-3.030000000000001
1968,2022-12-12,Difference,-3.259999999999991
1969,2022-12-13,Difference,-3.3599999999999994
1970,2022-12-14,Difference,-3.299999999999997
1971,2022-12-15,Difference,-3.1299999999999955
1972,2022-12-16,Difference,-3.0600000000000023
1973,2022-12-19,Difference,-2.989999999999995
1974,2022-12-20,Difference,-3.0900000000000034
1975,2022-12-21,Difference,-3.1500000000000057
1976,2022-12-22,Difference,-3.1499999999999915
1977,2022-12-23,Difference,-3.1499999999999915
1978,2022-12-27,Difference,-3.1500000000000057
1979,2022-12-28,Difference,-3.030000000000001
1980,2022-12-29,Difference,-3.049999999999997
1981,2022-12-30,Difference,-3.049999999999997
1982,2023-01-03,Difference,-3.049999999999997
1983,2023-01-04,Difference,-2.839999999999989
1984,2023-01-05,Difference,-2.8100000000000023
1985,2023-01-06,Difference,-2.9200000000000017
1986,2023-01-09,Difference,-2.950000000000003
1987,2023-01-10,Difference,-3.010000000000005
1988,2023-01-11,Difference,-3.180000000000007
1989,2023-01-12,Difference,-3.200000000000003
1990,2023-01-13,Difference,-3.3799999999999955
1991,2023-01-17,Difference,-3.280000000000001
1992,2023-01-18,Difference,-3.2700000000000102
1993,2023-01-19,Difference,-3.3100000000000023
1994,2023-01-20,Difference,-3.4399999999999977
1995,2023-01-23,Difference,-3.4599999999999937
1996,2023-01-24,Difference,-3.430000000000007
1997,2023-01-25,Difference,-3.460000000000008
1998,2023-01-26,Difference,-3.4499999999999886
1999,2023-01-27,Difference,-3.430000000000007
2000,2023-01-30,Difference,-3.4099999999999966
2001,2023-01-31,Difference,-3.440000000000012
2002,2023-02-01,Difference,-3.299999999999997
2003,2023-02-02,Difference,-3.230000000000004
2004,2023-02-03,Difference,-3.200000000000003
2005,2023-02-06,Difference,-3.0799999999999983
2006,2023-02-07,Difference,-3.219999999999999
2007,2023-02-08,Difference,-3.1499999999999915
2008,2023-02-09,Difference,-3.0400000000000063
2009,2023-02-10,Difference,-3.1499999999999915
2010,2023-02-13,Difference,-3.280000000000001
2011,2023-02-14,Difference,-3.1899999999999977
2012,2023-02-15,Difference,-3.1099999999999994
2013,2023-02-16,Difference,-3.1299999999999955
2014,2023-02-17,Difference,-2.980000000000004
2015,2023-02-21,Difference,-2.990000000000009
2016,2023-02-22,Difference,-2.980000000000004
2017,2023-02-23,Difference,-3.0999999999999943
2018,2023-02-24,Difference,-3.019999999999996
2019,2023-02-27,Difference,-2.9799999999999898
2020,2023-02-28,Difference,-2.9599999999999937
2021,2023-03-01,Difference,-2.9399999999999977
2022,2023-03-02,Difference,-3.0799999999999983
2023,2023-03-03,Difference,-3.0900000000000034
2024,2023-03-06,Difference,-3.180000000000007
2025,2023-03-07,Difference,-3.0999999999999943
2026,2023-03-08,Difference,-3.1399999999999864
2027,2023-03-09,Difference,-3.1400000000000006
2028,2023-03-10,Difference,-3.0500000000000114
2029,2023-03-13,Difference,-3.1199999999999903
2030,2023-03-14,Difference,-3.200000000000003
2031,2023-03-15,Difference,-3.339999999999989
2032,2023-03-16,Difference,-3.569999999999993
2033,2023-03-17,Difference,-3.760000000000005
2034,2023-03-20,Difference,-3.6400000000000006
2035,2023-03-21,Difference,-3.720000000000013
2036,2023-03-22,Difference,-3.8299999999999983
2037,2023-03-23,Difference,-3.8599999999999994
2038,2023-03-24,Difference,-3.839999999999989
2039,2023-03-27,Difference,-3.799999999999997
2040,2023-03-28,Difference,-3.769999999999996
2041,2023-03-29,Difference,-3.8500000000000085
2042,2023-03-30,Difference,-3.8799999999999955
2043,2023-03-31,Difference,-3.8400000000000034
2044,2023-04-03,Difference,-4.02000000000001
2045,2023-04-04,Difference,-3.990000000000009
2046,2023-04-05,Difference,-4.009999999999991
2047,2023-04-06,Difference,-4.1299999999999955
2048,2023-04-10,Difference,-4.0
2049,2023-04-11,Difference,-3.819999999999993
2050,2023-04-12,Difference,-3.8400000000000034
2051,2023-04-13,Difference,-3.980000000000004
2052,2023-04-14,Difference,-4.079999999999998
2053,2023-04-17,Difference,-3.9200000000000017
2054,2023-04-18,Difference,-3.950000000000003
2055,2023-04-19,Difference,-4.0
2056,2023-04-20,Difference,-4.070000000000007
2057,2023-04-21,Difference,-4.060000000000002
2058,2023-04-24,Difference,-4.0
2059,2023-04-25,Difference,-3.9000000000000057
2060,2023-04-26,Difference,-4.25
2061,2023-04-27,Difference,-4.310000000000002
2062,2023-04-28,Difference,-4.299999999999997
2063,2023-05-01,Difference,-4.319999999999993
2064,2023-05-02,Difference,-4.340000000000003
2065,2023-05-03,Difference,-4.300000000000011
2066,2023-05-04,Difference,-4.329999999999998
2067,2023-05-05,Difference,-4.63000000000001
2068,2023-05-08,Difference,-4.689999999999998
2069,2023-05-09,Difference,-4.6000000000000085
2070,2023-05-10,Difference,-4.75
2071,2023-05-11,Difference,-4.789999999999992
2072,2023-05-12,Difference,-4.700000000000003
2073,2023-05-15,Difference,-4.689999999999998
2074,2023-05-16,Difference,-4.739999999999995
2075,2023-05-17,Difference,-4.810000000000002
2076,2023-05-18,Difference,-4.88000000000001
2077,2023-05-19,Difference,-4.829999999999998
2078,2023-05-22,Difference,-4.8500000000000085
2079,2023-05-23,Difference,-4.780000000000001
2080,2023-05-24,Difference,-4.719999999999999
2081,2023-05-25,Difference,-4.939999999999998
2082,2023-05-26,Difference,-5.019999999999996
2083,2023-05-30,Difference,-5.049999999999997
2084,2023-05-31,Difference,-4.930000000000007
2085,2023-06-01,Difference,-5.1200000000000045
2086,2023-06-02,Difference,-5.159999999999997
2087,2023-06-05,Difference,-5.189999999999998
2088,2023-06-06,Difference,-5.159999999999997
2089,2023-06-07,Difference,-4.910000000000011
2090,2023-06-08,Difference,-5.040000000000006
2091,2023-06-09,Difference,-5.11999999999999
2092,2023-06-12,Difference,-5.159999999999997
2093,2023-06-13,Difference,-5.230000000000004
2094,2023-06-14,Difference,-5.219999999999999
2095,2023-06-15,Difference,-5.239999999999995
2096,2023-06-16,Difference,-5.209999999999994
2097,2023-06-20,Difference,-5.22999999999999
2098,2023-06-21,Difference,-5.040000000000006
2099,2023-06-22,Difference,-5.280000000000001
2100,2023-06-23,Difference,-5.159999999999997
2101,2023-06-26,Difference,-4.990000000000009
2102,2023-06-27,Difference,-5.040000000000006
2103,2023-06-28,Difference,-5.069999999999993
2104,2023-06-29,Difference,-4.949999999999989
2105,2023-06-30,Difference,-5.090000000000003
2106,2023-07-03,Difference,-5.159999999999997
2107,2023-07-05,Difference,-5.109999999999999
2108,2023-07-06,Difference,-5.140000000000001
2109,2023-07-07,Difference,-5.1200000000000045
2110,2023-07-10,Difference,-4.859999999999999
2111,2023-07-11,Difference,-4.820000000000007
2112,2023-07-12,Difference,-4.890000000000001
2113,2023-07-13,Difference,-5.109999999999999
2114,2023-07-14,Difference,-5.200000000000003
2115,2023-07-17,Difference,-5.189999999999998
2116,2023-07-18,Difference,-5.450000000000003
2117,2023-07-19,Difference,-5.539999999999992
2118,2023-07-20,Difference,-5.269999999999996
2119,2023-07-21,Difference,-5.239999999999995
2120,2023-07-24,Difference,-5.349999999999994
2121,2023-07-25,Difference,-5.400000000000006
2122,2023-07-26,Difference,-5.339999999999989
2123,2023-07-27,Difference,-5.260000000000005
2124,2023-07-28,Difference,-5.439999999999998
2125,2023-07-31,Difference,-5.5800000000000125
2126,2023-08-01,Difference,-5.449999999999989
2127,2023-08-02,Difference,-5.269999999999996
2128,2023-08-03,Difference,-5.22999999999999
2129,2023-08-04,Difference,-5.259999999999991
2130,2023-08-07,Difference,-5.159999999999997
2131,2023-08-08,Difference,-5.159999999999997
2132,2023-08-09,Difference,-5.040000000000006
2133,2023-08-10,Difference,-5.069999999999993
2134,2023-08-11,Difference,-5.02000000000001
2135,2023-08-14,Difference,-5.140000000000001
2136,2023-08-15,Difference,-5.0800000000000125
2137,2023-08-16,Difference,-5.070000000000007
2138,2023-08-17,Difference,-5.079999999999998
2139,2023-08-18,Difference,-5.040000000000006
2140,2023-08-21,Difference,-5.219999999999999
2141,2023-08-22,Difference,-5.209999999999994
2142,2023-08-23,Difference,-5.359999999999999
2143,2023-08-24,Difference,-5.219999999999999
2144,2023-08-25,Difference,-5.27000000000001
2145,2023-08-28,Difference,-5.269999999999996
2146,2023-08-29,Difference,-5.460000000000008
2147,2023-08-30,Difference,-5.510000000000005
2148,2023-08-31,Difference,-5.510000000000005
2149,2023-09-01,Difference,-5.549999999999997
2150,2023-09-05,Difference,-5.579999999999998
2151,2023-09-06,Difference,-5.38000000000001
2152,2023-09-07,Difference,-5.320000000000007
2153,2023-09-08,Difference,-5.38000000000001
2154,2023-09-11,Difference,-5.47999999999999
2155,2023-09-12,Difference,-5.5
2156,2023-09-13,Difference,-5.5
2157,2023-09-14,Difference,-5.480000000000004
2158,2023-09-15,Difference,-5.420000000000002
2159,2023-09-18,Difference,-5.3700000000000045
2160,2023-09-19,Difference,-5.290000000000006
2161,2023-09-20,Difference,-5.089999999999989
2162,2023-09-21,Difference,-5.0
2163,2023-09-22,Difference,-4.920000000000002
2164,2023-09-25,Difference,-4.959999999999994
2165,2023-09-26,Difference,-4.829999999999998
2166,2023-09-27,Difference,-4.780000000000001
2167,2023-09-28,Difference,-4.840000000000003
2168,2023-09-29,Difference,-4.939999999999998
2169,2023-10-02,Difference,-5.160000000000011
2170,2023-10-03,Difference,-5.039999999999992
2171,2023-10-04,Difference,-5.179999999999993
2172,2023-10-05,Difference,-5.189999999999998
2173,2023-10-06,Difference,-5.340000000000003
2174,2023-10-09,Difference,-5.22999999999999
2175,2023-10-10,Difference,-5.230000000000004
2176,2023-10-11,Difference,-5.3999999999999915
2177,2023-10-12,Difference,-5.5
2178,2023-10-13,Difference,-5.390000000000001
2179,2023-10-16,Difference,-5.469999999999999
2180,2023-10-17,Difference,-5.3500000000000085
2181,2023-10-18,Difference,-5.240000000000009
2182,2023-10-19,Difference,-5.290000000000006
2183,2023-10-20,Difference,-5.230000000000004
2184,2023-10-23,Difference,-5.230000000000004
2185,2023-10-24,Difference,-5.349999999999994
2186,2023-10-25,Difference,-5.239999999999995
2187,2023-10-26,Difference,-4.989999999999995
2188,2023-10-27,Difference,-5.019999999999996
2189,2023-10-30,Difference,-5.210000000000008
2190,2023-10-31,Difference,-5.150000000000006
2191,2023-11-01,Difference,-5.280000000000001
2192,2023-11-02,Difference,-5.439999999999998
2193,2023-11-03,Difference,-5.3799999999999955
2194,2023-11-06,Difference,-5.569999999999993
2195,2023-11-07,Difference,-5.63000000000001
2196,2023-11-08,Difference,-5.659999999999997
2197,2023-11-09,Difference,-5.5
2198,2023-11-10,Difference,-5.609999999999999
2199,2023-11-13,Difference,-5.560000000000002
2200,2023-11-14,Difference,-5.6000000000000085
2201,2023-11-15,Difference,-5.609999999999999
2202,2023-11-16,Difference,-5.699999999999989
2203,2023-11-17,Difference,-5.579999999999998
2204,2023-11-20,Difference,-5.640000000000001
2205,2023-11-21,Difference,-5.609999999999999
2206,2023-11-22,Difference,-5.609999999999999
2207,2023-11-24,Difference,-5.540000000000006
2208,2023-11-27,Difference,-5.609999999999999
2209,2023-11-28,Difference,-5.659999999999997
2210,2023-11-29,Difference,-5.609999999999999
2211,2023-11-30,Difference,-5.579999999999998
2212,2023-12-01,Difference,-5.5
2213,2023-12-04,Difference,-5.359999999999999
2214,2023-12-05,Difference,-5.590000000000003
2215,2023-12-06,Difference,-5.5
2216,2023-12-07,Difference,-5.63000000000001
2217,2023-12-08,Difference,-5.609999999999999
2218,2023-12-11,Difference,-5.310000000000002
2219,2023-12-12,Difference,-5.329999999999998
2220,2023-12-13,Difference,-5.3500000000000085
2221,2023-12-14,Difference,-5.3799999999999955
2222,2023-12-15,Difference,-5.390000000000001
2223,2023-12-18,Difference,-5.3799999999999955
2224,2023-12-19,Difference,-5.390000000000001
2225,2023-12-20,Difference,-5.439999999999998
2226,2023-12-21,Difference,-5.469999999999999
2227,2023-12-22,Difference,-5.439999999999998
2228,2023-12-26,Difference,-5.450000000000003
2229,2023-12-27,Difference,-5.469999999999999
2230,2023-12-28,Difference,-5.480000000000004
2231,2023-12-29,Difference,-5.489999999999995
2232,2024-01-02,Difference,-5.429999999999993
2233,2024-01-03,Difference,-5.47999999999999
2234,2024-01-04,Difference,-5.359999999999999
2235,2024-01-05,Difference,-5.329999999999998
2236,2024-01-08,Difference,-5.579999999999998
2237,2024-01-09,Difference,-5.590000000000003
2238,2024-01-10,Difference,-5.569999999999993
2239,2024-01-11,Difference,-5.579999999999998
2240,2024-01-12,Difference,-5.489999999999995
2241,2024-01-16,Difference,-5.6000000000000085
2242,2024-01-17,Difference,-5.530000000000001
2243,2024-01-18,Difference,-5.510000000000005
2244,2024-01-19,Difference,-5.599999999999994
2245,2024-01-22,Difference,-5.539999999999992
2246,2024-01-23,Difference,-5.670000000000002
2247,2024-01-24,Difference,-5.75
2248,2024-01-25,Difference,-5.710000000000008
2249,2024-01-26,Difference,-5.680000000000007
2250,2024-01-29,Difference,-5.739999999999995
2251,2024-01-30,Difference,-5.599999999999994
2252,2024-01-31,Difference,-5.359999999999985
2253,2024-02-01,Difference,-5.510000000000005
2254,2024-02-02,Difference,-5.2099999999999795
2255,2024-02-05,Difference,-5.38000000000001
2256,2024-02-06,Difference,-5.4199999999999875
2257,2024-02-07,Difference,-5.339999999999989
2258,2024-02-08,Difference,-5.280000000000001
2259,2024-02-09,Difference,-5.550000000000011
2260,2024-02-12,Difference,-5.450000000000017
2261,2024-02-13,Difference,-5.390000000000001
2262,2024-02-14,Difference,-5.319999999999993
2263,2024-02-15,Difference,-5.1200000000000045
2264,2024-02-16,Difference,-5.189999999999998
2265,2024-02-20,Difference,-5.049999999999997
2266,2024-02-21,Difference,-5.13000000000001
2267,2024-02-22,Difference,-5.400000000000006
