,Ticker,ESG Score
0,IYSMX,26.11
1,USBSX,24.37
2,RIMIX,26.69
3,WFLVX,23.68
4,PAFFX,23.63
5,MGQLX,19.83
6,MDIIX,22.34
7,AWAKX,22.63
8,VPCCX,23.02
9,ACAZX,21.17
10,HERCX,27.4
11,GHAYX,32.7
12,ARDVX,23.19
13,FRDTX,22.34
14,ANJIX,23.09
15,PTBNX,23.5
16,OISVX,26.19
17,ZSCIX,29.55
18,FWWFX,21.54
19,SENAX,23.25
20,NQVAX,25.02
21,PNGYX,23.2
22,JAENX,22.5
23,MDDVX,24.87
24,NIQTX,19.54
25,LIPIX,22.82
26,GGBZX,22.89
27,PCGRX,23.61
28,JLJAX,23.78
29,WRAAX,22.95
30,SWERX,22.72
31,WAAEX,26.84
32,NPFCX,23.09
33,MADVX,24.87
34,MLGRX,20.01
35,HCACX,22.91
36,JAMVX,25.18
37,PCHSX,25.87
38,ISZAX,23.99
39,PCBCX,22.19
40,IPESX,24.29
41,DAFGX,19.6
42,WCEYX,21.46
43,QGRCX,23.92
44,MFELX,20.59
45,GLNMX,21.73
46,USBNX,26.86
47,DFQTX,23.64
48,RSNRX,41.21
49,AUSAX,27.54
50,AGOZX,27.43
51,FSPHX,26.95
52,JILBX,24.67
53,QUARX,28.78
54,CSRSX,15.92
55,GTNYX,22.08
56,MUXYX,22.05
57,OAKBX,25.17
58,VEURX,21.64
59,ARTMX,22.93
60,CDVZX,23.28
61,BIAHX,22.31
62,PRGFX,21.15
63,LTPDX,23.38
64,BIAQX,25.59
65,NRFYX,15.59
66,MGOYX,23.58
67,USMCX,22.22
68,TWGAX,19.6
69,HCAYX,22.91
70,VCIGX,23.46
71,JRLQX,23.23
72,ACGQX,24.77
73,IGAAX,23.11
74,BLPIX,21.86
75,WMGYX,23.41
76,TCWAX,26.23
77,ISGAX,23.93
78,S2966.MC,22.82
79,FITHX,23.7
80,RINGX,24.72
81,OLVAX,24.82
82,CHUSX,20.97
83,PLWIX,23.5
84,CPRAX,23.7
85,GBLIX,23.82
86,MNDIX,25.22
87,GSCTX,28.93
88,SGIIX,22.97
89,BGLAX,25.42
90,ARFFX,25.51
91,DTGRX,21.6
92,WEMCX,29.41
93,KAUFX,27.61
94,WAEMX,24.33
95,GTLLX,18.63
96,537007.BO,26.96
97,EAASX,23.41
98,RIRFX,23.74
99,WSTRX,21.75
100,PGRQX,16.16
101,SMALTA1B.MX,26.77
102,EKBYX,24.43
103,RAFCX,22.86
104,FLVEX,25.09
105,FSGAX,23.82
106,PSTQX,26.82
107,PRDMX,22.58
108,PRWCX,24.18
109,S2016.MC,22.14
110,IDXPX,23.14
111,HIGUX,21.76
112,ANZRX,25.63
113,ICMUX,28.16
114,DQICX,22.52
115,OWLSX,21.88
116,USMYX,22.22
117,FMPAX,23.33
118,ACSLX,20.26
119,WMGAX,23.41
120,NECCX,23.35
121,IBIIX,23.01
122,NWIAX,23.84
123,PARDX,23.5
124,FLCSX,24.5
125,WAGRX,23.02
126,MUIFX,22.92
127,WBLIX,22.99
128,GTAAX,24.04
129,MIGYX,21.72
130,JMCCX,23.26
131,NRFNX,15.59
132,EARSX,21.37
133,PAGEX,16.54
134,FIRIX,17.92
135,VGELX,31.32
136,BGEIX,32.03
137,AFPAX,26.35
138,TEQAX,21.38
139,EITMX,22.5
140,RYPRX,24.99
141,AZSAX,27.91
142,DFIPX,24.81
143,POSKX,22.96
144,REETX,23.55
145,TSGRX,23.11
146,AEPFX,24.1
147,DDVIX,23.31
148,URTCX,15.46
149,VAFAX,21.68
150,RDWFX,26.43
151,JSIVX,28.88
152,DAVPX,20.97
153,ABCSX,24.88
154,MMABX,22.9
155,SGGDX,30.47
156,COCVX,23.6
157,FSUTX,32.56
158,JLKEX,23.77
159,MINIX,20.76
160,VMIDX,25.16
161,PIIRX,23.2
162,VGSLX,15.86
163,FAJTX,23.5
164,HJPIX,21.55
165,JRTBX,23.68
166,SGFCX,27.43
167,TRVLX,23.64
168,INBURSAB-2.MX,33.74
169,PGEMX,22.55
170,MACSX,22.93
171,VSMGX,23.22
172,FAOTX,23.8
173,SCUVX,28.2
174,S0660.MC,23.23
175,MMIZX,22.05
176,LYRBX,21.88
177,HATRX,23.36
178,DMECX,28.19
179,NDVCX,27.75
180,CMTFX,18.98
181,MCNVX,27.17
182,RDVIX,25.72
183,VBINX,22.86
184,PIGFX,19.56
185,MLVTX,22.49
186,KLCCX,22.45
187,PRFDX,25.73
188,RYSIX,21.64
189,FCPGX,27.47
190,VNVAX,26.0
191,HWVIX,29.64
192,AVEMX,25.59
193,WAGOX,25.31
194,OINCX,22.92
195,FDTOX,22.78
196,NWUCX,26.73
197,FISPX,22.03
198,FOCWX,23.49
199,INDIX,27.05
200,RINYX,22.76
201,ATDIX,22.79
202,UBVSX,27.25
203,CIRFX,23.74
204,CGMRX,23.62
205,DEGCX,19.53
206,FATWX,24.13
207,MDLOX,22.64
208,HILIX,25.94
209,EAAIX,23.54
210,EKHCX,24.44
211,HCMDX,20.86
212,NOEMX,26.89
213,USAUX,21.05
214,MFRFX,22.34
215,XU8P.SG,30.99
216,PGNAX,35.14
217,VMCPX,23.16
218,ROBC.AS,21.51
219,FNPSX,20.65
220,TRLIX,23.36
221,FABZX,25.09
222,MLVPX,22.49
223,QMLFX,24.37
224,VWMCX,25.65
225,WASYX,23.82
226,SIMTX,21.53
227,SMMIX,22.57
228,JEVRX,27.86
229,TMAPX,24.64
230,SREQX,16.95
231,BCMAX,22.85
232,SCWFX,26.16
233,PSBMX,28.59
234,ASVIX,25.25
235,KAUAX,27.61
236,HDMBX,27.78
237,JPDVX,23.51
238,BWLIX,23.2
239,REPSX,15.77
240,RYZAX,23.91
241,FH5R.SW,30.1
242,PLGIX,21.63
243,MPACX,27.46
244,VADRX,23.01
245,DEQCX,20.59
246,ROFRX,29.81
247,HAINX,22.64
248,NBMLX,23.42
249,QUPM.SW,40.17
250,MMEYX,28.95
251,WSCGX,27.23
252,ECCPX,20.65
253,EVCGX,22.9
254,THGRX,26.23
255,PSPFX,31.59
256,VASGX,23.3
257,RDWBX,26.43
258,USGRX,21.65
259,FSEA.SW,23.69
260,SSIEV.CO,24.27
261,S2584.MC,21.87
262,GAIOX,23.57
263,IVWCX,23.23
264,SRJAX,22.6
265,TILIX,20.67
266,GCCEX,23.98
267,RBLSX,24.19
268,GASFX,30.2
269,RICEX,23.49
270,ESVAX,24.26
271,IVTBX,24.38
272,JCNIX,25.38
273,VBAIX,22.86
274,PAEBX,22.9
275,IDVCX,22.08
276,PSGLX,22.88
277,INBUMEXB-1.MX,28.17
278,VMCIX,23.16
279,VUSCX,22.96
280,JEEDX,25.78
281,JLIHX,23.78
282,LSSIX,29.34
283,MTINX,24.02
284,WPSGX,20.1
285,FMPTX,23.33
286,RYVVX,23.91
287,FTFFX,23.58
288,IRMTX,23.6
289,OGLCX,20.15
290,MMGEX,27.97
291,TWGIX,20.16
292,KGDCX,27.14
293,QRSVX,26.35
294,JHMSX,23.71
295,LDMOX,27.15
296,CSGRX,21.93
297,WFKRX,24.53
298,JCONX,25.38
299,VSCIX,26.39
300,BGRWX,20.93
301,ESPNX,31.08
302,MYITX,22.93
303,VGECX,19.92
304,TVFVX,28.23
305,BISAX,27.73
306,FAETX,23.55
307,PURAX,16.16
308,GSRCX,22.88
309,BDSYX,23.0
310,NWHUX,20.7
311,RMIAX,22.84
312,FOVCX,27.83
313,WWIAX,23.97
314,BALPX,25.24
315,URSIX,23.39
316,FGIQX,23.25
317,DDDAX,26.0
318,PFPFX,24.42
319,MGQSX,19.83
320,FGILX,21.96
321,NAVFX,22.76
322,GTSAX,26.58
323,JLPSX,21.89
324,JOPPX,25.97
325,CGRYX,26.54
326,LICQX,21.91
327,RGBEX,24.13
328,STLEX,23.76
329,EMRYX,24.7
330,BCGPX,23.27
331,FCNKX,21.59
332,RYOTX,29.33
333,SGENX,22.97
334,JHSRX,25.63
335,NIEYX,19.91
336,JOBEX,23.08
337,FNITX,21.93
338,SINAX,22.1
339,PEEAX,23.13
340,KBEPF.AS,14.17
341,OTCYX,21.5
342,VTWIX,23.27
343,SHRAX,21.93
344,MTPKX,24.04
345,S3377.MC,21.87
346,QBNAX,26.86
347,LMYIX,32.89
348,MUTHX,24.09
349,VKMGX,22.96
350,SMERX,26.09
351,MRIGX,24.59
352,OLGAX,21.61
353,GMCQX,20.95
354,AGREX,16.09
355,GAGEX,34.36
356,GDMZX,23.89
357,HDGIX,22.42
358,EVTMX,21.62
359,WEIAX,26.56
360,MTRRX,23.33
361,NMIEX,22.42
362,VGTSX,24.19
363,MRDVX,24.87
364,DISVX,27.85
365,LMISX,22.07
366,ANFCX,22.69
367,MYEMX,29.41
368,CECYX,22.03
369,TLCYX,20.27
370,BBVAEMGPV.MX,27.89
371,DFCEX,28.11
372,ADGCX,21.23
373,NICSX,20.79
374,AAAPX,22.46
375,ASRLX,22.95
376,TRECX,30.9
377,VMGRX,23.05
378,FRDPX,22.34
379,JAQSX,23.41
380,TIGRX,22.4
381,FGTZX,22.17
382,NWHLX,22.86
383,WSTCX,21.75
384,RLISX,23.64
385,RDITX,23.51
386,DWAFX,22.36
387,SUHCX,26.31
388,JYIINA.CO,26.81
389,PSCRX,30.25
390,TWVLX,24.52
391,JRBYX,23.52
392,WLGRX,19.3
393,DWUSX,27.39
394,MMYLX,26.64
395,FHKAX,25.04
396,TLHIX,23.03
397,AFNIX,21.96
398,TEDSX,24.7
399,HLIEX,22.92
400,S3007.MC,22.83
401,IRMPX,22.6
402,535276.BO,26.61
403,FDYNX,22.28
404,HWVAX,29.64
405,DKIEEU.CO,31.13
406,FIEUX,23.2
407,ITCSX,24.16
408,JABAX,21.26
409,DIVPX,21.75
410,HFOCX,22.34
411,RELRX,23.93
412,FKBSX,28.56
413,MRSJX,21.37
414,CIOAX,22.39
415,CIBCX,23.74
416,ITFEX,22.79
417,MAGJX,22.69
418,GBLEX,24.13
419,MNMCX,23.97
420,RYHRX,16.5
421,QLSCX,28.84
422,IUERX,20.04
423,JPLGX,24.54
424,WASAX,23.82
425,GWOAX,22.57
426,HDSVX,29.02
427,FBGRX,22.0
428,DFIEX,24.18
429,FGIPX,23.25
430,QDVCX,24.4
431,DREGX,24.54
432,RTDYX,22.06
433,GARIX,23.4
434,LIORX,25.65
435,GCTIX,22.66
436,JNOSX,22.61
437,RPMVX,26.63
438,SCMIX,20.8
439,THBVX,30.1
440,RYIUX,24.81
441,IYGOX,31.65
442,GRLLX,22.04
443,S1794.MC,22.74
444,GSPCX,22.03
445,AACIX,26.28
446,HAOYX,21.67
447,BWLAX,23.2
448,HLPPX,19.79
449,NWQAX,25.27
450,JTUCX,28.73
451,JMVNX,26.6
452,GAGAX,22.93
453,BFTIX,21.55
454,WFIVX,22.72
455,FFDKX,20.33
456,WMFFX,23.2
457,S3563.MC,26.11
458,AKREX,17.95
459,MSCYX,27.97
460,JCPRX,21.89
461,SEPKX,23.25
462,MCDFX,28.9
463,NPNCX,28.59
464,NMIAX,22.03
465,BPLSX,24.27
466,DISRX,19.9
467,LTRIX,22.97
468,JICCX,17.61
469,FEATX,24.3
470,MTOAX,24.06
471,RGAGX,23.63
472,FDESX,22.78
473,MEURX,22.8
474,PABAX,22.97
475,UI26.SW,19.38
476,PCGJX,22.83
477,PNBAX,22.31
478,FIREX,17.92
479,VTSNX,24.19
480,JGYBX,23.53
481,VWIAX,24.7
482,LDIFX,21.8
483,NSCRX,28.67
484,BX+CAPB-E1.MX,29.51
485,ECOIX,25.21
486,FMGEX,21.81
487,HAVGX,19.88
488,EITIX,22.06
489,IIIIX,22.31
490,MTZKX,23.5
491,HAIDK.CO,21.42
492,AEDNX,27.61
493,RSLAX,26.16
494,ABSIX,24.88
495,HHCAX,26.91
496,AMIGX,18.78
497,HILYX,25.94
498,JERIX,17.35
499,FSMVX,23.33
500,LPBAX,23.89
501,DVLCX,25.52
502,VITAX,17.2
503,VAPIX,21.01
504,JM54.SG,23.64
505,S0580.MC,24.21
506,FOOLX,22.52
507,TISCX,20.88
508,FLVIX,23.78
509,QGRIX,23.92
510,PTEFX,22.97
511,NBSTX,19.94
512,UVALX,23.65
513,BCVCX,23.46
514,QUACX,28.78
515,OGGCX,22.7
516,EPLPX,23.7
517,CBBYX,22.27
518,CCIZX,20.8
519,VTCLX,22.18
520,MCAGX,22.15
521,IOCZX,23.89
522,STFFX,20.78
523,OIEIX,22.92
524,PPUNX,21.63
525,HBSGX,28.82
526,BAFFX,20.5
527,PAXWX,19.7
528,HBGIX,22.4
529,BALVX,23.39
530,VALUX,22.12
531,FKDNX,22.28
532,NECOX,24.65
533,RNGGX,22.69
534,S1575.MC,20.21
535,TLXIX,23.04
536,GSURX,21.11
537,RAJTX,23.86
538,JGMNX,27.02
539,HULIX,25.46
540,GMGZX,22.83
541,NWQRX,26.7
542,MAPBX,21.44
543,RINTX,22.76
544,TWQZX,23.15
545,ASIAX,24.24
546,VFSNX,27.3
547,MAGWX,22.69
548,GMWZX,23.37
549,PACBX,23.06
550,AFOIX,25.11
551,FUNDX,21.88
552,LRSCX,28.02
553,MEIAX,23.87
554,GTCSX,26.84
555,CSPCX,26.16
556,HDPSX,27.88
557,FMQRX,24.4
558,CBLSX,22.92
559,RIDBX,24.39
560,JDWRX,22.33
561,TGCNX,19.38
562,RLCOX,23.17
563,HUSIX,31.21
564,S3182.MC,25.33
565,S3273.MC,23.07
566,SMAPX,30.5
567,ODVYX,23.3
568,SVOAX,23.41
569,IGMSX,20.16
570,JLVZX,24.82
571,HWCCX,25.33
572,NBGUX,22.12
573,PRNHX,23.44
574,IAXIX,22.59
575,FSTCX,22.58
576,VHCIX,26.25
577,EQPIX,24.42
578,OGICX,25.46
579,NBICX,23.44
580,MMDEX,19.88
581,IMRFX,23.27
582,ORDNX,19.76
583,JTSZX,22.25
584,AFDAX,19.77
585,MHESX,22.23
586,VEIPX,24.38
587,LBSAX,22.27
588,DSMLX,20.56
589,FAMKX,27.13
590,CGRIX,22.17
591,BPSCX,25.06
592,JMVCX,24.76
593,BMBYX,24.66
594,CNPIX,23.58
595,FLSCX,23.78
596,RSQCX,27.06
597,PJFZX,21.04
598,WFSPX,22.05
599,GHTIX,27.18
600,AACFX,27.46
601,MUSBX,21.58
602,ARRKX,16.64
603,TSEMX,24.42
604,PSCMX,30.25
605,FCYIX,28.38
606,DRYQX,22.09
607,MSIQX,21.61
608,VSMSX,28.11
609,ASPIX,21.05
610,SPWYX,27.13
611,JVLBX,23.34
612,XQ13.SG,25.77
613,LNGZX,25.18
614,AGGAX,22.51
615,DGERX,23.88
616,NYIGLA.CO,21.42
617,CVQTX,23.17
618,CPEAX,22.93
619,KMDIX,27.25
620,JIFNX,25.33
621,IHOAX,21.67
622,MUXAX,22.05
623,ATEYX,20.95
624,JENRX,21.54
625,HACAX,20.97
626,OAKWX,23.06
627,MPGFX,23.42
628,EIRAX,24.52
629,+TASAD1M2.MX,23.44
630,ALARX,21.11
631,RNPFX,23.09
632,PFSAX,23.81
633,FDIVX,20.21
634,TES3.SG,20.32
635,PLDDX,25.18
636,NLCIX,21.05
637,CEMFX,26.79
638,IRSAX,15.6
639,FGADX,37.8
640,ECERX,21.27
641,MRSAX,21.37
642,HULEX,25.46
643,TROSX,22.57
644,OAAIX,24.11
645,INIIX,35.61
646,FNARX,30.77
647,TMGIX,23.34
648,WVALX,20.53
649,NEJCX,25.49
650,DFMVX,23.86
651,PSILX,23.44
652,HHOF.AS,20.8
653,AAHTX,23.56
654,GCVCX,22.92
655,OMCIX,27.25
656,ARFSX,22.89
657,BALCX,23.46
658,HSFNX,29.81
659,WSDAX,25.26
660,STSIX,27.13
661,WHGSX,30.46
662,QFVOX,21.95
663,VSIIX,26.85
664,QSMNX,27.94
665,BGRQX,23.66
666,EATVX,24.06
667,CIMAX,24.39
668,FCPVX,24.59
669,RYNCX,22.06
670,FSGRX,29.56
671,RFKTX,23.35
672,CGRCX,26.54
673,SESVX,26.92
674,TSMLX,23.46
675,HFMCX,24.79
676,TWCGX,20.16
677,RYOCX,20.86
678,DLHIX,27.34
679,BFLAX,24.71
680,BCMPX,24.14
681,NFGIX,24.64
682,QGIAX,20.9
683,VSEAX,24.89
684,RNWGX,25.24
685,WPVAX,24.22
686,S2472.MC,21.83
687,NSGRX,28.72
688,JVMIX,24.69
689,LU93.SG,23.01
690,S0332.MC,22.72
691,FEIKX,23.92
692,LEXCX,23.1
693,JEVCX,27.86
694,PSYGX,26.55
695,JMCVX,24.76
696,SSHVX,23.55
697,TIBCX,22.31
698,ICAWA.AS,29.27
699,MXSNX,23.44
700,THDCX,24.77
701,EKWDX,33.66
702,SHSAX,26.16
703,MLPSX,26.29
704,IBGIX,23.73
705,VGEAX,19.92
706,S3749.MC,22.17
707,JMUEX,21.79
708,BABDX,21.33
709,FIOFX,23.14
710,NGISX,22.05
711,VASVX,25.48
712,PSCIX,26.56
713,THGCX,21.75
714,HBLRX,25.26
715,NDIGV.CO,21.17
716,ICDBX,25.81
717,GGCIX,19.48
718,HIALX,22.34
719,GQEFX,20.81
720,PRILX,20.02
721,IJEAX,23.7
722,HWSCX,28.49
723,MXMIX,22.42
724,HBLCX,25.26
725,SLVAX,24.72
726,ARTQX,22.83
727,JATAX,18.65
728,JISGX,27.68
729,HLMIX,21.99
730,TTFIX,22.95
731,JORNX,22.77
732,VALMX16B0FI.MX,34.59
733,FSDCX,18.39
734,SVSCX,28.26
735,LCBIX,27.74
736,JFNCX,27.58
737,RRRRX,16.9
738,PGOAX,27.95
739,CRRYX,29.73
740,MIGKX,20.08
741,OEPSX,28.93
742,AMCPX,22.86
743,590103.BO,26.96
744,IRSEX,15.6
745,PPTAX,22.93
746,VEIEX,27.17
747,JHVIX,23.94
748,DHTYX,26.78
749,BCIFX,18.42
750,MI97.SW,33.59
751,INDZX,23.28
752,WFGDX,29.41
753,FICDX,20.49
754,MEIIX,23.87
755,AZEMX,24.98
756,VVISX,21.5
757,VSIEX,19.79
758,EHSTX,24.49
759,PRPZX,31.16
760,FTTWX,24.13
761,DFEOX,23.39
762,VICAX,24.51
763,JHQAX,21.59
764,ICPAX,33.86
765,FRSSX,16.07
766,MGGIX,21.42
767,TSWEX,23.54
768,SASWX,29.47
769,GABSX,28.52
770,HSBC-RVBFA.MX,27.37
771,FRRSX,15.75
772,ALVSX,24.34
773,FINAX,24.58
774,CMGVX,22.5
775,QIVCX,21.12
776,CGCIX,23.8
777,SMCWX,26.16
778,OVERX,25.5
779,VCCAX,20.85
780,FDSVX,23.02
781,FSBBX,24.19
782,RFNFX,23.39
783,VLMXP45B1NC.MX,24.86
784,JLKMX,24.05
785,ALSRX,24.83
786,BTIEX,22.05
787,BGSRX,21.72
788,RSPKX,28.69
789,RWMEX,23.2
790,TIEUX,22.76
791,RGCIX,23.28
792,PCONX,25.54
793,DGIFX,24.05
794,LZOEX,25.92
795,TRAOX,23.91
796,IMOWX,23.38
797,VFWPX,23.86
798,FSSRX,29.56
799,INSTV.AS,19.7
800,FLGEX,21.2
801,FDLSX,22.99
802,JLJIX,23.78
803,SISAX,23.36
804,RDCEX,21.76
805,OILVX,23.8
806,AFVPX,23.09
807,BRPJX,23.67
808,VDIGX,21.53
809,GSATX,28.93
810,PJIQX,20.4
811,PFLJX,22.97
812,LEVIX,20.51
813,MGLAX,16.27
814,AZSPX,27.91
815,S3102.MC,21.25
816,RERGX,24.1
817,SNXFX,22.31
818,PVEYX,27.78
819,UMBMX,24.94
820,RYSEX,27.06
821,S3636.MC,21.71
822,MGOAX,23.58
823,JRLIX,24.03
824,ACMVX,24.68
825,ETIHX,35.74
826,FFFGX,23.39
827,LCCIX,30.0
828,ISRAX,23.07
829,VVPLX,24.69
830,HWGIX,24.36
831,HHQAX,22.19
832,RFITX,23.36
833,IPARX,24.31
834,BGLIX,25.42
835,JIFDX,25.33
836,BLPAX,23.66
837,HAVLX,25.45
838,WESIX,26.56
839,JVMAX,24.69
840,TMCTX,24.64
841,PREIX,22.05
842,PINDX,19.97
843,JIFTX,25.33
844,EBMTX,20.97
845,IEOPX,21.43
846,SBPYX,26.57
847,RMFCX,22.63
848,PNRZX,35.14
849,USGLX,20.58
850,IMANX,19.96
851,ETNHX,35.74
852,COGMX,23.39
853,MAMAX,22.9
854,ISESX,23.44
855,EATRX,23.33
856,VSIAX,26.85
857,PSCZX,27.95
858,IJMAX,23.68
859,ENPIX,33.91
860,VICEX,24.51
861,IBNAX,22.29
862,CSIRX,21.31
863,PRVBX,29.45
864,BCREX,16.01
865,RPMGX,24.34
866,NSRIX,20.32
867,ZCAD.SW,23.27
868,FRUAX,31.49
869,RPFRX,15.59
870,FZANX,21.93
871,SFSLX,26.86
872,WMICX,29.65
873,NOSGX,28.27
874,TRREX,16.09
875,AFPIX,26.35
876,SWHGX,23.51
877,RFNBX,23.39
878,NYVTX,22.56
879,EGLBX,19.6
880,PAMCX,24.34
881,PRLAX,25.61
882,JLKAX,23.77
883,FDTGX,24.76
884,VSFIX,29.83
885,WESCX,27.44
886,DPWRX,20.69
887,MBEAX,21.83
888,TVIMX,22.17
889,FMFEX,27.33
890,HICGX,23.72
891,CVGRX,22.17
892,FSCAX,28.7
893,FDFAX,24.76
894,NPSAX,26.88
895,RBCTX,23.8
896,FSLCX,24.12
897,NMAEX,22.04
898,LIDCX,23.65
899,MRIBX,21.37
900,TEMTX,24.09
901,JAMRX,21.05
902,NWGYX,24.26
903,FRVFX,29.21
904,NDMSX,24.1
905,QAGIX,21.59
906,FSMCX,26.2
907,GATEX,22.08
908,CSSPX,15.19
909,CMUAX,24.69
910,GAXCX,22.51
911,LAMRX,20.88
912,FSPTX,19.29
913,PRITX,23.15
914,MINAX,21.65
915,XP6I.SG,20.71
916,RYECX,35.21
917,ARTIX,21.41
918,S3741.MC,22.61
919,BVEFX,23.7
920,ODINX,27.83
921,IRGTX,15.86
922,VWNDX,24.28
923,BX+CAPA.MX,29.51
924,OMGCX,22.84
925,RESCX,24.41
926,WECDX,20.81
927,OXM0.SG,20.13
928,USBOX,20.9
929,WIESX,24.52
930,JAOSX,22.61
931,MVCAX,24.57
932,AEDAX,21.49
933,CCCTX,23.8
934,BIAUX,28.01
935,CLSAX,25.32
936,VAPAX,21.01
937,GRGRX,22.71
938,FKRCX,37.8
939,TMMAX,22.97
940,JLGRX,21.61
941,FGCKX,22.32
942,PQNAX,23.55
943,IVRSX,16.29
944,FPJAX,23.96
945,EDIAX,23.95
946,SNEMX,26.89
947,GCIAX,21.35
948,ERSTX,24.49
949,STHRX,24.43
950,EQTKX,22.76
951,QUAKX,28.78
952,FIGFX,18.91
953,EIREX,15.9
954,JIMSX,23.71
955,OIEAX,21.62
956,MSGIX,28.68
957,FNCMX,22.14
958,VMNIX,24.92
959,CSAZX,23.27
960,EMBIX,26.57
961,JBATX,22.92
962,WFOPX,22.28
963,COVAX,29.73
964,LCEYX,25.13
965,PYSAX,27.86
966,JRVOX,23.19
967,AGSCX,24.69
968,HGHAX,27.92
969,S2967.MC,22.97
970,EKGAX,24.63
971,EKJCX,22.01
972,OVEAX,25.5
973,PSBJX,28.59
974,CWGFX,22.7
975,CNPEX,23.09
976,NVXIX,23.25
977,RLCAX,23.17
978,THPGX,23.36
979,BOYAX,20.63
980,TDMTX,25.78
981,BBVANDQUHN.MX,20.13
982,WCGNX,23.38
983,YAFFX,22.51
984,PAFGX,24.42
985,+TASAD1F1.MX,23.44
986,FRESX,15.98
987,MDIHX,21.92
988,MRGKX,22.37
989,AGGYX,22.51
990,VMGIX,22.83
991,S2248.MC,23.96
992,FBIOX,31.61
993,PFIGX,23.93
994,TEPSX,18.81
995,VSCAX,27.87
996,RIMHX,23.68
997,LISOX,21.42
998,NEFFX,22.69
999,NBQAX,22.55
1000,CAEZX,23.09
1001,TRRHX,23.81
1002,TORCX,29.3
1003,JLHFX,24.18
1004,WSHCX,23.2
1005,SCAUX,22.64
1006,PEXMX,26.13
1007,SVACX,25.13
1008,REPIX,15.77
1009,FSESX,28.92
1010,DVFIX,26.36
1011,TCVYX,26.21
1012,FZACX,22.78
1013,LCEFX,25.13
1014,RSGCX,22.49
1015,AHSAX,28.45
1016,PTWCX,22.0
1017,PMFMX,25.24
1018,KORAF.AS,19.77
1019,LEGAX,20.81
1020,RYCIX,25.5
1021,RLTSX,22.25
1022,WEHIX,23.59
1023,STCAX,20.36
1024,VINEX,23.83
1025,VISGX,25.82
1026,MGRBX,20.26
1027,JHACX,21.02
1028,IRSNX,23.23
1029,LSRCX,28.02
1030,CLSYX,21.93
1031,VWILX,21.91
1032,JRSSX,23.53
1033,PXRIX,15.1
1034,MRLRX,21.05
1035,IBVYX,24.12
1036,VNVYX,26.0
1037,ABSYX,28.39
1038,VSGIX,25.82
1039,CAGEX,23.13
1040,WFPCX,24.5
1041,RWICX,22.7
1042,QUASX,28.78
1043,WFGWX,23.55
1044,CPOCX,23.99
1045,PRRAX,16.3
1046,RBFTX,23.56
1047,MSSMX,23.49
1048,BQLCX,25.05
1049,RIFYX,26.36
1050,TWEBX,24.21
1051,VWNAX,23.33
1052,LCTIX,36.13
1053,NNGAX,22.12
1054,HUSEX,31.21
1055,MFBFX,23.25
1056,ASQAX,28.37
1057,PJDZX,21.9
1058,ARTJX,25.37
1059,JLIAX,23.78
1060,DFTPX,28.12
1061,FCBFX,25.49
1062,UBVLX,27.25
1063,CCCIX,32.5
1064,JGMCX,27.02
1065,MNDFX,23.54
1066,IMSIX,26.27
1067,BREIX,21.93
1068,WGFIX,20.33
1069,LPEIX,24.54
1070,FVDFX,23.04
1071,VADAX,23.01
1072,MDIKX,21.92
1073,PAFDX,25.73
1074,BDSRX,23.0
1075,FASRX,25.09
1076,ISOPX,27.62
1077,AMPCX,22.86
1078,VSCPX,26.39
1079,DODFX,25.31
1080,REAAX,23.93
1081,PTWZX,22.0
1082,INUTX,24.25
1083,RSGTX,22.49
1084,JCVVX,25.64
1085,DFREX,15.84
1086,KDHSX,23.28
1087,PNRAX,22.39
1088,PNECX,23.09
1089,MLPOX,36.51
1090,RYPNX,29.81
1091,LMLSX,22.1
1092,JYIOBAK.CO,20.81
1093,HARSX,22.3
1094,HCYIX,23.69
1095,FOCIX,29.84
1096,SBVLX,27.74
1097,GTLOX,20.62
1098,LMIRX,23.04
1099,MGQIX,19.83
1100,IRESX,16.14
1101,DRSVX,27.93
1102,AGRDX,20.16
1103,FGITX,24.16
1104,GOPAX,28.96
1105,NSBRX,20.83
1106,GSGSX,22.71
1107,VMGMX,22.83
1108,AGGIX,22.03
1109,PPVIX,27.71
1110,BMCRX,19.75
1111,PTBMX,23.5
1112,S3723.MC,23.75
1113,MFQAX,22.06
1114,RSMYX,30.6
1115,LCBEX,22.01
1116,H2ZV.SG,22.21
1117,IEDIX,24.29
1118,DROIX,25.61
1119,PCVRX,25.54
1120,KGGAX,33.58
1121,HIIGX,21.29
1122,TWQCX,23.15
1123,FHCIX,26.88
1124,VALUEF1A.MX,30.32
1125,VQNPX,21.57
1126,CHDVX,23.44
1127,JGYIX,22.95
1128,FSRBX,27.94
1129,FAMVX,22.51
1130,PGLRX,22.48
1131,PDRYX,22.19
1132,BIEMX,25.17
1133,S0104.MC,22.84
1134,EVSEX,24.95
1135,WEECX,23.73
1136,ALSIX,24.28
1137,VINIX,22.04
1138,S1704.MC,20.49
1139,JERAX,17.35
1140,TRRMX,23.31
1141,IVGSX,24.78
1142,TEGIX,22.85
1143,MMACX,22.9
1144,RFIDX,21.85
1145,JEPSX,21.72
1146,FFNOX,22.71
1147,FEQTX,24.4
1148,XDNIX,24.07
1149,JILGX,24.23
1150,SUWAX,22.02
1151,CPXIX,25.92
1152,NBMIX,28.28
1153,WFILX,22.05
1154,JNVIX,20.36
1155,GGPCX,23.47
1156,STFRX,24.52
1157,MIMFX,29.6
1158,OARDX,19.79
1159,RSDFX,24.25
1160,BMCIX,25.42
1161,ARIIX,16.68
1162,PRHSX,27.37
1163,RPXIX,22.19
1164,OIDYX,22.08
1165,EPIVX,26.21
1166,CEMVX,26.68
1167,JRINX,23.13
1168,PEQZX,24.45
1169,NBFCX,18.7
1170,VTMSX,28.03
1171,HRLYX,28.31
1172,ACSTX,26.27
1173,WWWEX,18.81
1174,NEAMX,20.99
1175,MNDJX,25.22
1176,CDCRX,22.47
1177,JIERX,19.79
1178,MGILX,24.88
1179,OCSGX,27.72
1180,MCHFX,26.07
1181,PVSAX,27.69
1182,TCOIX,23.09
1183,RYTIX,19.18
1184,WBIGX,20.89
1185,DHPIX,25.85
1186,FSRFX,22.78
1187,PMYRX,22.64
1188,NBGIX,23.3
1189,RGWCX,21.05
1190,FRSGX,23.82
1191,IMLPX,34.49
1192,ANEFX,22.69
1193,JOBBX,23.08
1194,S3888.MC,25.31
1195,WSMNX,25.66
1196,WFENX,24.42
1197,BPSEU.AS,12.98
1198,SBMAX,21.78
1199,ISTIX,21.75
1200,GAOCX,23.54
1201,IBNYX,22.29
1202,WSBFX,20.88
1203,PRIDX,24.2
1204,TESGX,23.29
1205,DHLTX,26.78
1206,DVRBX,22.37
1207,TCZPX,23.09
1208,GIZYX,23.41
1209,TAREX,18.13
1210,JLMOX,24.05
1211,MCVCX,25.53
1212,GREIX,15.5
1213,APPLX,24.69
1214,DFFVX,28.12
1215,IBALX,22.19
1216,RYESX,29.14
1217,LEQCX,25.29
1218,PFSZX,23.81
1219,IEDRX,24.29
1220,PGRNX,20.09
1221,GREAX,15.5
1222,MIGFX,20.08
1223,FSCSX,17.11
1224,VAFRX,21.68
1225,PDPCX,22.51
1226,TIMVX,25.11
1227,TRRPX,16.27
1228,RGAFX,23.63
1229,EXEYX,23.06
1230,RTLCX,21.47
1231,PGTAX,19.76
1232,FDTRX,22.28
1233,RLGYX,23.07
1234,STCIX,20.36
1235,TEFQX,24.25
1236,RRMVX,26.55
1237,S0587.MC,23.23
1238,WBEIX,25.17
1239,BGSAX,21.72
1240,RRCOX,22.7
1241,FSCTX,26.06
1242,AMGIX,22.75
1243,MMTSX,22.81
1244,DVEAX,22.29
1245,PWJZX,20.8
1246,EVSYX,22.0
1247,CWGIX,22.7
1248,VPACX,25.15
1249,EQNVX,22.85
1250,FSSAX,29.56
1251,AIZCX,21.53
1252,SHCDX,35.1
1253,HEMAX,24.17
1254,LAVPX,23.97
1255,SLMCX,20.8
1256,PRSVX,28.88
1257,XQ1C.SG,25.9
1258,LADRX,28.79
1259,ABCVX,20.8
1260,CSCZX,29.18
1261,TRGRX,16.54
1262,HEQCX,22.86
1263,QCLGX,20.32
1264,BEGRX,21.03
1265,GSXAX,28.16
1266,TILDX,23.54
1267,GSMCX,24.93
1268,RYKIX,26.62
1269,RYENX,35.21
1270,CIMCX,24.39
1271,PSBPX,28.59
1272,AREMX,22.83
1273,SGFFX,27.43
1274,BMPSX,25.91
1275,536960.BO,31.83
1276,JFFCX,22.26
1277,FSAIX,30.22
1278,JVTAX,27.22
1279,XU8L.SW,32.48
1280,BIGRX,22.75
1281,ASQIX,28.37
1282,SWOF.SW,23.9
1283,TCMGX,22.8
1284,CQURX,20.84
1285,FTFEX,23.91
1286,FLPSX,21.88
1287,UQ2C.SG,20.96
1288,LMOFX,25.62
1289,EREMX,29.87
1290,WMCVX,27.52
1291,FLCGX,25.17
1292,CREEX,16.53
1293,THVRX,21.75
1294,TCPIX,20.23
1295,FGIOX,24.16
1296,RYAMX,23.62
1297,TETIX,26.9
1298,SEEGX,21.61
1299,FSGFX,21.87
1300,ONGFX,22.91
1301,MDFSX,23.54
1302,CAACX,22.52
1303,FCNTX,21.59
1304,FIVLX,23.7
1305,LMORX,25.62
1306,JLFOX,24.13
1307,HCMGX,20.86
1308,MCLVX,22.64
1309,FDIGX,24.76
1310,VARIX,22.15
1311,PARMX,21.48
1312,WESNX,28.72
1313,DSFRX,20.44
1314,GFACX,23.63
1315,VHCAX,23.27
1316,ISCIX,21.68
1317,FSTKX,22.94
1318,OGBCX,23.16
1319,GPROX,24.54
1320,FBFTX,23.56
1321,MRSPX,21.41
1322,NESGX,26.79
1323,SCWCX,26.16
1324,ABWCX,22.86
1325,TAGRX,22.81
1326,GSFTX,22.27
1327,NEFJX,25.49
1328,RVVRX,25.37
1329,HEQFX,22.86
1330,ALPAX,24.34
1331,HUDEX,27.01
1332,FCECX,20.93
1333,LCCAX,22.07
1334,SICNX,22.02
1335,JGYAX,22.95
1336,GGHCX,26.98
1337,PPQSX,22.2
1338,SSDIX,28.12
1339,GMVIX,26.38
1340,ISZTX,23.99
1341,AAGTX,23.59
1342,GSYIX,26.01
1343,ICDYX,25.81
1344,CGOLX,21.93
1345,PABFX,24.17
1346,TGCIX,26.85
1347,OBCHX,28.15
1348,GTSYX,26.58
1349,EISMX,23.41
1350,ACECX,25.07
1351,QUAGX,21.59
1352,NWWIX,24.1
1353,COGIX,23.39
1354,TRWCX,22.82
1355,VGHAX,26.36
1356,KLGAX,20.41
1357,AUIAX,21.71
1358,WSGBX,26.9
1359,JNBCX,24.99
1360,CICAX,23.49
1361,FMIJX,21.87
1362,UCAGX,23.66
1363,AVEDX,20.76
1364,PGWCX,21.22
1365,NMCIX,23.38
1366,RNGCX,22.69
1367,KWINX,25.04
1368,NLSIX,23.09
1369,37E.BE,28.63
1370,JVLCX,23.43
1371,FFFZX,23.58
1372,PWREX,17.56
1373,ORIKX,27.35
1374,FMCSX,25.66
1375,GTDDX,25.06
1376,GGEZX,20.97
1377,ODMAX,23.3
1378,HBASX,23.65
1379,PMEGX,24.34
1380,FACEX,20.76
1381,FLCCX,24.52
1382,GONBX,20.7
1383,LPHCX,23.78
1384,WOOPX,23.88
1385,ROFIX,29.81
1386,TEMUX,25.91
1387,PVSYX,27.69
1388,DSCGX,26.12
1389,ABINX,22.19
1390,PASSX,28.53
1391,TSLCX,26.5
1392,WFSDX,25.98
1393,CGFCX,23.63
1394,FTDZX,30.1
1395,JHEIX,25.73
1396,PASYX,22.29
1397,ILLLX,24.13
1398,WTRCX,21.46
1399,IILGX,22.32
1400,WSMVX,29.46
1401,HFCSX,21.11
1402,FFTWX,24.0
1403,POVBX,20.67
1404,MIPTX,24.97
1405,TMFSX,25.4
1406,JRASX,21.05
1407,NMIMX,22.03
1408,NNLEX,24.2
1409,LVOCX,25.7
1410,AAETX,23.55
1411,PTWAX,22.0
1412,SEQUX,21.09
1413,AUIZX,21.71
1414,PACYX,23.06
1415,VFIFX,23.32
1416,PRASX,23.99
1417,USIFX,23.76
1418,MXEQX,24.65
1419,GRMIX,22.05
1420,GIGSX,23.0
1421,HFQAX,22.93
1422,PRACX,22.39
1423,FZAJX,18.91
1424,ACAAX,21.17
1425,ZJPA.SW,24.58
1426,HLEMX,23.33
1427,MNBRX,24.03
1428,ADGZX,21.23
1429,WSCYX,26.9
1430,CADVX,22.15
1431,WSHFX,23.2
1432,IENAX,34.42
1433,ANWPX,23.09
1434,BACAX,33.61
1435,ICDAX,25.81
1436,MTOKX,24.06
1437,IMNCX,22.07
1438,JLVIX,22.81
1439,PIREX,16.3
1440,GEMRX,24.49
1441,PRINLS3MC.MX,24.93
1442,LVOQX,25.7
1443,PJIZX,24.04
1444,FCPCX,20.14
1445,ICHKX,28.18
1446,ODIYX,27.83
1447,SMDLX,25.05
1448,DGOCX,20.78
1449,TLHRX,23.03
1450,ACLWX,22.1
1451,DPLGX,20.29
1452,RIQKX,24.33
1453,BERIX,24.8
1454,PJNQX,35.14
1455,LIMIX,22.27
1456,POSAX,15.37
1457,USEMX,26.75
1458,HOVLX,23.26
1459,JEMWX,23.73
1460,DHPYX,25.85
1461,DTMMX,23.86
1462,WPASX,20.1
1463,REFTX,23.56
1464,ITRAX,24.16
1465,JAGLX,27.58
1466,ISZSX,23.99
1467,STFGX,24.21
1468,PJEAX,16.94
1469,VMVAX,23.54
1470,SGOIX,23.5
1471,SSVCX,29.11
1472,LCRNX,27.75
1473,MDFGX,20.19
1474,FKINX,27.6
1475,THBIX,30.1
1476,IGFSX,19.95
1477,RYVLX,20.82
1478,BSCVX,27.24
1479,JRTFX,23.68
1480,HWAAX,25.06
1481,UOPIX,21.71
1482,PACAX,23.06
1483,SVAAX,25.13
1484,OEGYX,22.71
1485,IRSLX,23.43
1486,ONGAX,22.7
1487,NAWGX,22.66
1488,MGIAX,20.76
1489,KSOAX,24.49
1490,JGMIX,27.02
1491,ASRYX,16.39
1492,AIOPX,24.13
1493,DFTCX,23.5
1494,FBTAX,30.56
1495,FGNCX,22.62
1496,OSMYX,23.27
1497,JRIPX,23.13
1498,MLTJX,23.07
1499,HBATX,23.65
1500,PPISX,22.66
1501,LSCNX,27.92
1502,BMGGX,21.86
1503,IVIFX,22.89
1504,GSBIX,24.99
1505,QABGX,23.12
1506,GLNJX,21.73
1507,ICISX,29.73
1508,QKBGX,23.12
1509,FAMFX,24.73
1510,MVGJX,21.48
1511,SGOVX,23.5
1512,NBGPX,23.44
1513,WASCX,23.82
1514,QTIRX,21.57
1515,DVFYX,24.51
1516,BLAFX,24.71
1517,FINVX,23.7
1518,PDSIX,22.03
1519,JVTSX,27.22
1520,ACVDX,22.38
1521,FJPNX,23.96
1522,KSCOX,24.49
1523,VCINX,19.66
1524,S1602.MC,22.47
1525,NDVVX,27.75
1526,JAWWX,22.33
1527,PRINRVAMC.MX,27.31
1528,AAANX,24.01
1529,LLINX,24.97
1530,KMKNX,17.37
1531,FFFFX,23.39
1532,TMUIX,22.07
1533,IRMGX,22.58
1534,PORYX,23.6
1535,AAISX,22.7
1536,AEMGX,26.3
1537,TEQSX,26.85
1538,FISGX,23.77
1539,NFAAX,18.7
1540,FKARX,21.5
1541,ARCMX,23.25
1542,SURPLUSBOE3.MX,27.58
1543,537483.BO,27.37
1544,QTMRX,21.69
1545,AQEAX,21.76
1546,S1495.MC,23.75
1547,VALMXVLB0.MX,24.8
1548,TSAIX,22.83
1549,CSIEX,19.3
1550,PENNX,26.85
1551,NWHJX,22.86
1552,HMVRX,26.31
1553,QSMRX,28.88
1554,LMVTX,25.07
1555,VFINX,22.05
1556,GRINX,21.7
1557,S3363.MC,21.76
1558,NEIAX,22.05
1559,VUSIX,22.96
1560,KTRIX,23.53
1561,SLVIX,24.72
1562,VIVAX,24.15
1563,NRIIX,24.51
1564,DPSCX,24.96
1565,NBRRX,25.13
1566,JANIX,27.02
1567,DEQYX,20.59
1568,ASCQX,28.37
1569,BGLSX,24.52
1570,VMSGX,22.81
1571,MLRRX,20.01
1572,FRIFX,20.19
1573,JNGOX,24.85
1574,LMLCX,27.77
1575,PMSSX,25.24
1576,PRESX,20.09
1577,DTSVX,29.46
1578,VSCCX,27.78
1579,OIGYX,20.74
1580,LMBCX,28.41
1581,NEJYX,25.49
1582,REMSX,27.51
1583,MGGBX,28.34
1584,ACLKX,25.14
1585,CSPFX,26.16
1586,RERCX,24.1
1587,BARIX,21.79
1588,EGOAX,21.7
1589,GABVX,23.73
1590,INPIX,22.03
1591,PLVYX,23.53
1592,VSDIX,21.82
1593,CPHNX,23.44
1594,TMFGX,23.14
1595,PGGAX,23.47
1596,PGRCX,20.69
1597,USAGX,33.31
1598,PEMLX,24.46
1599,BSCAX,31.0
1600,QAACX,21.96
1601,GTMUX,26.38
1602,JGVAX,24.85
1603,DROYX,25.61
1604,JDVPX,23.43
1605,HRAUX,22.3
1606,S2213.MC,26.81
1607,GESSX,21.34
1608,DFSVX,28.8
1609,GAUCX,31.89
1610,PJGQX,23.13
1611,PCPTX,27.71
1612,QIVNX,21.12
1613,FSAVX,24.21
1614,IENYX,34.42
1615,NQVRX,25.02
1616,MLPTX,37.28
1617,BCSIX,26.54
1618,LIESX,23.04
1619,CLWFX,20.81
1620,XMTA.SG,18.96
1621,ALZFX,20.82
1622,MYSIX,23.96
1623,PEIOX,23.87
1624,DRTCX,20.82
1625,HDPMX,29.79
1626,JASCX,25.22
1627,JNYAX,22.98
1628,FSCHX,28.05
1629,DWTTX,21.35
1630,SILLX,21.68
1631,PGJZX,25.04
1632,MEGAX,21.83
1633,FJPCX,23.96
1634,RYCPX,25.5
1635,RIQCX,24.33
1636,JVTNX,27.22
1637,RCCTX,23.8
1638,MSRRX,22.34
1639,JYIALV.CO,21.36
1640,WYD5.SW,19.92
1641,RYTAX,19.18
1642,CMLEX,22.63
1643,DODBX,22.92
1644,VMVIX,23.54
1645,ACLTX,20.18
1646,NBGAX,23.3
1647,DEMSX,31.14
1648,WFEFX,24.42
1649,RRTRX,23.46
1650,QUSVX,24.58
1651,HWAIX,25.06
1652,TMFCX,26.21
1653,NTITX,22.54
1654,CCTRX,29.73
1655,ARTRX,21.09
1656,EKGIX,24.63
1657,ERHSX,25.74
1658,NWJFX,20.33
1659,QCIBX,23.23
1660,JNSIX,23.12
1661,SFGIX,24.26
1662,FIDAX,25.01
1663,AUUKX,22.77
1664,HFOIX,22.34
1665,HCKCX,22.95
1666,IVINX,22.01
1667,HIEMX,22.62
1668,GLIPX,23.82
1669,FDMTX,18.34
1670,FASEX,24.97
1671,VIEIX,26.08
1672,LETRX,31.74
1673,QASCX,28.84
1674,TIEIX,22.69
1675,WFSSX,25.98
1676,ESVIX,24.26
1677,EVUDX,27.38
1678,TGDIX,23.98
1679,CEYIX,19.3
1680,MRGCX,22.37
1681,FDVAX,20.2
1682,HNCTX,21.6
1683,PGFIX,21.22
1684,WWNPX,20.59
1685,NPNRX,28.59
1686,HFMDX,24.42
1687,PGROX,20.69
1688,GMXIX,25.23
1689,JDPNX,24.76
1690,VECTINDX+.MX,27.88
1691,FDSWX,20.68
1692,MVGBX,21.48
1693,WFOOX,24.43
1694,FSBCX,24.19
1695,NWCCX,18.81
1696,OGMCX,38.17
1697,TINGX,20.99
1698,QUSIX,25.65
1699,DREQX,22.09
1700,JGCCX,24.05
1701,VPMAX,22.77
1702,FRBSX,24.52
1703,TGVAX,21.75
1704,NWOAX,23.9
1705,VSOIX,27.69
1706,LRSYX,28.02
1707,JTSSX,22.25
1708,QSERX,27.94
1709,DGIEX,24.25
1710,JDERX,23.13
1711,PRJPX,25.28
1712,RSLBX,26.16
1713,WFHRX,24.28
1714,JMGC.SW,37.37
1715,JASOX,27.48
1716,OMEAX,25.98
1717,WPOPX,21.91
1718,NSPAX,27.6
1719,FSCDX,26.06
1720,EPSIX,23.07
1721,BLRCX,15.73
1722,GSMSX,24.93
1723,VSGAX,25.82
1724,MINDX,26.04
1725,WCEBX,21.46
1726,HLEIX,22.05
1727,SURGLOBA.MX,21.53
1728,NSBCX,20.83
1729,PPQMX,22.2
1730,ICEIX,22.89
1731,AGIZX,21.81
1732,MFEGX,20.59
1733,FDEEX,23.39
1734,JWWCX,22.33
1735,JCMAX,23.26
1736,PSGRX,26.55
1737,NBGEX,23.3
1738,JLPZX,21.89
1739,OZWK.SG,37.37
1740,SSMAX,25.83
1741,MSLVX,22.64
1742,PIPTX,22.93
1743,MMUCX,29.17
1744,FGRTX,24.55
1745,IH58.SW,23.28
1746,OIEFX,22.92
1747,MIDIX,20.09
1748,BBVAE50GB.MX,19.59
1749,NWJCX,20.33
1750,GMXRX,25.23
1751,RSIPX,21.76
1752,SURIPCBDE.MX,27.89
1753,FNICX,21.93
1754,PAREX,16.09
1755,AVEWX,19.82
1756,LCMRX,21.17
1757,ARSVX,27.21
1758,MABAX,25.01
1759,ISNSX,22.95
1760,HV82.SG,24.66
1761,HV82.SW,24.66
1762,XKFDX,27.74
1763,FMEYX,23.77
1764,NRIQX,19.54
1765,S0685.MC,22.93
1766,PSBVX,23.0
1767,JEMSX,23.73
1768,FTUIX,22.58
1769,ODMCX,23.88
1770,GLVAX,21.17
1771,RAFGX,22.86
1772,LSVEX,22.84
1773,JSMSX,22.84
1774,QTSRX,29.04
1775,WBLJX,22.99
1776,HDIVX,21.49
1777,TSVCX,29.72
1778,NWFAX,22.92
1779,S3162.MC,21.36
1780,MAPIX,22.61
1781,VWENX,22.59
1782,MGQAX,19.83
1783,SBSDX,21.76
1784,INSAX,21.99
1785,MVTIX,25.53
1786,ATIYX,28.91
1787,TFFAX,25.42
1788,MEIJX,23.87
1789,DIISX,22.31
1790,CMSCX,28.59
1791,RLBCX,23.46
1792,CAIBX,23.74
1793,JRHRX,23.44
1794,AWPIX,20.86
1795,RSIFX,26.36
1796,JCMVX,23.62
1797,JDPRX,24.76
1798,JFEIX,21.89
1799,MMUIX,29.17
1800,TRRDX,23.38
1801,SWHFX,25.44
1802,FDSSX,22.99
1803,FSOAX,24.01
1804,MLFJX,22.69
1805,DLBMX,28.91
1806,JVMRX,24.69
1807,PCGYX,25.54
1808,GOLDX,33.87
1809,LBDAX,25.05
1810,CFWAX,28.25
1811,JENSX,21.54
1812,JORRX,22.77
1813,VAFFX,21.68
1814,NPFFX,23.09
1815,IGOWX,21.42
1816,VTHRX,23.25
1817,SMGIX,22.07
1818,PRSCX,22.01
1819,PJGZX,23.51
1820,FDTFX,24.25
1821,APSGX,24.89
1822,KGGIX,33.58
1823,ATHDX,22.1
1824,MFVAX,22.62
1825,TPYYX,20.65
1826,VGPMX,28.11
1827,FSRPX,19.04
1828,CTCAX,18.98
1829,MOTLX,23.35
1830,TEGAX,22.85
1831,ETGIX,26.56
1832,PCAFX,24.43
1833,S3031.MC,21.76
1834,QICRX,22.4
1835,ITHIX,22.91
1836,OBMCX,27.25
1837,HSVRX,26.74
1838,QGRNX,23.92
1839,JRTIX,23.51
1840,WGROX,23.55
1841,OIOIX,19.29
1842,BMCAX,19.75
1843,YACKX,21.8
1844,RNPGX,23.09
1845,HIAGX,22.4
1846,ANCFX,23.39
1847,DFUVX,23.77
1848,RSEDX,23.28
1849,S0223.MC,22.68
1850,CHTTX,22.28
1851,BIGFX,24.19
1852,PGTRX,19.76
1853,EZTGX,22.5
1854,MEFNX,23.87
1855,GIICX,22.3
1856,RRMGX,24.34
1857,PNOPX,20.61
1858,WPSZX,20.1
1859,JMEEX,23.26
1860,AWSHX,23.2
1861,VWNEX,24.28
1862,OGLNX,20.15
1863,GLVYX,21.17
1864,MCGRX,31.84
1865,PNOYX,20.61
1866,DKIJAP.CO,26.54
1867,LTRGX,22.97
1868,GIEYX,21.68
1869,SPSRX,28.13
1870,WILNX,20.36
1871,WEBAX,24.02
1872,WWWFX,19.98
1873,BGLCX,25.42
1874,MCIYX,25.45
1875,HWMAX,26.71
1876,U1IH.SW,21.29
1877,WEMAX,29.41
1878,TFFYX,21.83
1879,WTMCX,25.25
1880,PCIEX,23.38
1881,TWHIX,22.1
1882,HILGX,22.1
1883,ABIAX,22.79
1884,MPEYX,23.74
1885,VITSX,22.77
1886,NDASX,23.9
1887,RBABX,23.66
1888,RAICX,23.57
1889,GIRAX,15.73
1890,BBVANDQNC.MX,20.13
1891,USAWX,23.1
1892,ODVNX,23.3
1893,JRYOX,23.29
1894,PRWAX,22.76
1895,RGWBX,23.49
1896,SCVIX,27.52
1897,FAKDX,24.07
1898,EMRCX,24.7
1899,SIGAX,27.36
1900,DHSYX,29.95
1901,WFEMX,23.59
1902,RPFIX,24.99
1903,NAWCX,22.66
1904,BLARX,24.71
1905,KAUCX,27.61
1906,GLBLX,23.26
1907,BFGBX,20.19
1908,S0841.MC,28.12
1909,PHRIX,16.08
1910,PARJX,23.82
1911,FDFFX,20.06
1912,GTMEX,24.0
1913,MLPDX,40.05
1914,FESOX,23.5
1915,JLKZX,23.23
1916,SOPAX,22.01
1917,PJEZX,16.94
1918,WBLNX,22.99
1919,OPMIX,22.77
1920,CDDYX,22.27
1921,JNVMX,23.87
1922,RMFEX,22.63
1923,THDRX,24.77
1924,GITIX,18.83
1925,CNPFX,23.09
1926,PXQSX,28.63
1927,FZAGX,24.42
1928,ESEE.SG,22.05
1929,DPUYX,19.8
1930,FROTX,24.41
1931,LAFFX,22.16
1932,JRSCX,23.53
1933,LMIYX,29.87
1934,VSNGX,23.26
1935,SMVMX,21.61
1936,EICVX,24.18
1937,SMECX,26.09
1938,AGRCX,21.6
1939,SHAPX,20.9
1940,ASEIX,28.88
1941,GCMAX,24.93
1942,LVOAX,25.7
1943,DFGEX,15.28
1944,EQIDX,25.74
1945,ISNMX,23.17
1946,SASMX,26.57
1947,POMIX,22.7
1948,ONECX,22.91
1949,RALAX,23.9
1950,HVORX,23.36
1951,IOCCX,23.89
1952,WISIX,23.65
1953,FZALX,24.55
1954,FEYTX,23.12
1955,SENCX,21.74
1956,MCLOX,22.64
1957,SAHMX,24.76
1958,MFOCX,20.49
1959,MIOLX,21.85
1960,TGVNX,26.93
1961,ETGLX,23.02
1962,WAFMX,27.61
1963,BUFSX,28.14
1964,SWPPX,22.05
1965,GPSTX,23.27
1966,MRLSX,19.94
1967,WEUSX,22.77
1968,MMKYX,22.81
1969,FEVAX,23.56
1970,DFRSX,27.35
1971,AIIEX,21.13
1972,VIGRX,20.54
1973,GENIX,23.32
1974,UEPIX,24.33
1975,LAMPX,20.88
1976,SHSSX,26.16
1977,JICPX,21.16
1978,SWTSX,22.73
1979,NBRFX,15.73
1980,CTYRX,18.98
1981,MRGSX,22.19
1982,HSIIX,28.48
1983,PJSQX,27.95
1984,RIDCX,24.39
1985,REVRX,23.45
1986,ONGIX,22.91
1987,WEMMX,31.14
1988,IIRLX,21.83
1989,EMCCX,26.4
1990,MENAX,26.89
1991,NQGCX,23.23
1992,FTRNX,21.82
1993,WFEIX,23.25
1994,MAFGX,20.19
1995,TIGGX,22.76
1996,MFADX,24.03
1997,FIFFX,23.58
1998,NMSCX,28.12
1999,GLNBX,21.73
2000,PRDGX,21.85
2001,HLFNX,21.81
2002,FGINX,23.25
2003,IHOSX,21.67
2004,TRLGX,21.44
2005,S0832.MC,22.96
2006,GLVIX,21.17
2007,FIMPX,29.28
2008,FIVMX,23.7
2009,HFMTX,24.79
2010,VSVCX,21.71
2011,VLTCX,24.28
2012,IHOTX,21.67
2013,NGQIX,21.79
2014,PHASX,22.2
2015,GWPAX,23.49
2016,SGSCX,27.14
2017,CVCFX,23.28
2018,FSHOX,18.94
2019,OSTVX,22.21
2020,MAPPX,23.48
2021,DEQAX,20.59
2022,CLXRX,22.05
2023,JCVWX,25.64
2024,FDVLX,24.85
2025,VFWAX,23.86
2026,BABYX,23.33
2027,AMTZX,22.64
2028,HVOYX,23.36
2029,IGNCX,29.65
2030,GOGIX,20.03
2031,FHUL.SG,22.55
2032,EMGYX,24.48
2033,HIASX,27.78
2034,DFEQX,20.46
2035,GMRIX,29.13
2036,RSNKX,41.21
2037,FAFEX,23.91
2038,DWWM.SW,31.79
2039,MPMCX,23.9
2040,LCDRX,33.71
2041,DFPIX,20.91
2042,HERAX,27.4
2043,EAIDX,23.68
2044,RPRCX,24.99
2045,INPFX,24.72
2046,JYJ7.SW,32.49
2047,JLCVX,22.81
2048,TRSSX,28.53
2049,DEVIX,27.9
2050,VGENX,31.32
2051,MXTMX,24.65
2052,TRRKX,23.31
2053,TEQCX,21.38
2054,NQVCX,25.02
2055,TGIGX,24.27
2056,NIQVX,19.54
2057,RRRAX,16.9
2058,HSAFX,23.46
2059,URTAX,15.46
2060,S1029.MC,24.98
2061,VEMAX,27.17
2062,EPEIX,26.81
2063,RYZCX,34.04
2064,FTAGX,22.82
2065,CMGYX,22.5
2066,HCPCX,22.79
2067,VWUSX,21.19
2068,FSMEX,27.15
2069,RCSIX,27.05
2070,RSDGX,26.47
2071,FPCGX,22.82
2072,VEXRX,25.55
2073,VSMAX,26.39
2074,MSIGX,21.72
2075,MXXIX,22.18
2076,MFBKX,23.25
2077,VCIEX,22.38
2078,S1068.MC,22.99
2079,ARORX,23.04
2080,HDVYX,23.12
2081,FTGFX,23.07
2082,IBSAX,23.73
2083,RYEIX,35.21
2084,TEDIX,24.7
2085,HAMGX,23.28
2086,OBIOX,26.16
2087,ICTEX,20.61
2088,IRPVX,23.92
2089,GDSTX,28.93
2090,CCCNX,32.5
2091,BX+CAPB-5.MX,29.51
2092,GSQRX,28.9
2093,KLCAX,22.45
2094,PAGYX,22.9
2095,VNVCX,26.0
2096,FVLCX,22.06
2097,OGLIX,20.15
2098,MSVZX,26.64
2099,NWNIX,23.87
2100,GFAFX,23.63
2101,FNPIX,20.65
2102,QDVAX,24.4
2103,RGBCX,24.13
2104,VTIAX,24.19
2105,MLOZX,30.28
2106,PRMSX,24.2
2107,VSVGX,21.71
2108,BRAGX,22.67
2109,EKWAX,33.66
2110,UGLSX,20.58
2111,PGINX,20.09
2112,CUSYX,27.54
2113,OARMX,24.67
2114,WTSVX,28.24
2115,JNRRX,35.14
2116,MLPLX,36.49
2117,BRECX,21.04
2118,OPTFX,21.5
2119,INRSX,29.65
2120,VALMXAB1.MX,24.92
2121,VEVYX,23.66
2122,MTPIX,24.04
2123,AAUTX,23.59
2124,VAMGX,24.99
2125,CUHAX,23.33
2126,SEKAX,25.94
2127,WLCAX,23.68
2128,UCEQX,23.71
2129,JTUAX,28.73
2130,FLICX,21.56
2131,IARRX,15.76
2132,MAPTX,24.97
2133,DISYX,19.9
2134,JCVSX,25.64
2135,MIQPX,21.61
2136,LBRIX,22.01
2137,NDACX,23.9
2138,TSFCX,25.18
2139,TILRX,21.14
2140,RSINX,25.98
2141,JRTYX,23.23
2142,MFLDX,24.03
2143,TWCUX,21.51
2144,LBHFX,32.89
2145,AIGPX,24.52
2146,VICSX,24.15
2147,CBMAX,24.85
2148,ITYYX,20.32
2149,LVOYX,25.7
2150,WFLWX,24.52
2151,QALTX,24.38
2152,GHACX,32.7
2153,PRGSX,23.66
2154,TEPLX,23.07
2155,FLATX,31.04
2156,FDEQX,21.11
2157,CIVVX,23.84
2158,YMLA.SG,23.23
2159,LUSAX,28.41
2160,LMPEX,21.68
2161,ECDIX,22.0
2162,NEFOX,24.65
2163,IEMYX,24.55
2164,TRIEX,22.34
2165,PZASX,22.97
2166,WIREX,19.97
2167,JARTX,21.33
2168,DHMIX,27.54
2169,MRESX,16.15
2170,FCISX,27.6
2171,NWNAX,23.87
2172,LAVQX,23.97
2173,CLSPX,22.5
2174,UAPIX,29.3
2175,JALBX,24.67
2176,VVOIX,25.8
2177,QISGX,28.75
2178,MQIFX,24.4
2179,CGRWX,26.54
2180,CAMZX,26.74
2181,WFPDX,22.01
2182,CWMEX,23.2
2183,GSROX,28.9
2184,ADGRX,21.23
2185,VGSNX,15.86
2186,LGLFX,23.6
2187,WFIOX,22.05
2188,FRVLX,29.21
2189,JRTDX,23.68
2190,PINQX,24.21
2191,RGIAX,23.28
2192,RRTBX,23.99
2193,RICGX,23.49
2194,ESVCX,24.26
2195,DNEMX,26.22
2196,IICWX,22.09
2197,AFGGX,22.46
2198,ISSPX,23.03
2199,WPOIX,21.91
2200,VVOCX,25.8
2201,ZSCCX,29.55
2202,ICMBX,22.44
2203,AGGWX,32.03
2204,UIPMX,33.31
2205,LPJKX,23.78
2206,WMMRX,17.67
2207,TEDMX,25.78
2208,OIERX,22.92
2209,QICNX,22.4
2210,BRBPX,22.32
2211,ACSYX,26.27
2212,FMIMX,23.75
2213,SVAIX,25.13
2214,JSMGX,27.02
2215,HLGEX,22.84
2216,JGMAX,27.02
2217,RWIFX,22.7
2218,LZSCX,24.98
2219,PTSGX,21.59
2220,FFACX,24.67
2221,CNCIX,25.45
2222,VSCOX,27.78
2223,FBTIX,30.56
2224,IFACX,24.39
2225,BOPRX,21.41
2226,PSVIX,27.35
2227,FCCGX,27.47
2228,BWLCX,23.2
2229,TIQRX,22.69
2230,PVADX,27.35
2231,QILGX,20.32
2232,WGIFX,22.7
2233,BUFBX,23.39
2234,MGXIX,22.55
2235,JLDGX,24.81
2236,MFOIX,21.63
2237,AADTX,23.45
2238,MDBAX,25.01
2239,MDISX,24.7
2240,EIVFX,24.11
2241,JVLAX,23.43
2242,GAGCX,22.93
2243,S3093.MC,23.13
2244,WMGRX,23.41
2245,ANORX,26.5
2246,GNDIX,22.08
2247,JPPNX,24.85
2248,LAMAX,20.88
2249,JICAX,17.61
2250,WHGIX,23.97
2251,SCHAX,23.68
2252,WAINX,24.7
2253,RGAEX,23.63
2254,AVFIX,28.39
2255,PIEJX,25.88
2256,JDVOX,23.27
2257,IVAEX,23.82
2258,FRBFX,29.23
2259,SBSPX,21.76
2260,TGVRX,21.75
2261,IJMSX,23.68
2262,FSENX,34.83
2263,PNBCX,22.31
2264,FLPKX,21.88
2265,JORCX,22.77
2266,VWIGX,21.91
2267,TOLIX,22.98
2268,TSGLX,23.11
2269,SUHAX,26.31
2270,FGEAX,20.35
2271,OPWAF.AS,23.41
2272,HHCZX,26.91
2273,DLPCX,17.25
2274,DFIVX,24.81
2275,VDADX,22.1
2276,JAVTX,27.22
2277,VACVX,25.34
2278,MLABX,20.01
2279,DTMIX,24.67
2280,ROBB.AS,20.05
2281,QISCX,28.84
2282,PHPIX,31.79
2283,HSLYX,28.82
2284,BIOIX,23.7
2285,FBALX,23.49
2286,TMCIX,25.77
2287,NWWHX,23.9
2288,NBMBX,23.42
2289,HILRX,25.94
2290,PURZX,16.16
2291,BIFRX,22.74
2292,AMRMX,22.63
2293,WFQFX,24.52
2294,HMVJX,26.31
2295,ERSMX,23.41
2296,VSMIX,27.87
2297,FVRMX,30.7
2298,DRLYX,15.01
2299,HQICX,24.26
2300,CNGAX,22.69
2301,FHKCX,25.04
2302,SCDGX,22.02
2303,OAKLX,23.59
2304,IVKIX,26.27
2305,PABBX,22.97
2306,ARTGX,22.13
2307,VTPSX,24.19
2308,ISCSX,22.06
2309,JIVRX,23.1
2310,WPSIX,20.1
2311,FIDSX,25.41
2312,RYVPX,28.19
2313,VIVIX,24.15
2314,TOLCX,22.98
2315,MPSSX,29.04
2316,JLHHX,23.92
2317,JAAGX,22.43
2318,SECIX,26.19
2319,FQUAX,24.78
2320,KGDAX,27.14
2321,MRRFX,24.14
2322,IJPTX,23.7
2323,FRINX,20.19
2324,VSEQX,24.02
2325,RWIBX,22.7
2326,RYMIX,20.8
2327,QUSOX,25.65
2328,PCANX,21.59
2329,EKBCX,24.43
2330,OEICX,22.05
2331,RYTRX,27.45
2332,FACDX,26.88
2333,WFDRX,25.53
2334,MAGLX,20.95
2335,VTMGX,23.16
2336,NBGNX,23.3
2337,ACLCX,24.52
2338,EKHYX,24.44
2339,VFGIX,21.04
2340,BARAX,21.79
2341,NGDCX,22.12
2342,PPUPX,21.63
2343,TRMCX,26.55
2344,TWIEX,19.6
2345,ISIPX,22.05
2346,FREGX,16.07
2347,FALIX,24.52
2348,PCVCX,27.35
2349,VHCOX,23.27
2350,RSLFX,26.16
2351,PALLX,21.18
2352,BESIX,28.72
2353,PFIPX,23.93
2354,HOTFX,20.83
2355,NBIAX,23.44
2356,TWCIX,20.26
2357,HSGFX,23.76
2358,RYIRX,24.81
2359,PLARX,27.71
2360,HGOSX,22.8
2361,FRTSX,22.63
2362,VAGGX,22.29
2363,RYPDX,25.5
2364,VEIRX,24.38
2365,FAGNX,34.82
2366,FBFZX,26.67
2367,PRJZX,21.12
2368,EARAX,24.52
2369,PJGRX,21.04
2370,IARYX,15.76
2371,SCAYX,22.64
2372,DRDIX,22.29
2373,THDAX,24.77
2374,DFLVX,23.77
2375,POGCX,20.97
2376,FRGOX,37.8
2377,NGCCX,25.18
2378,TMDPX,22.86
2379,FMGKX,20.06
2380,BUFGX,19.61
2381,USPVX,22.77
2382,SSSFX,29.15
2383,RDCCX,23.17
2384,DHLRX,23.41
2385,AACTX,23.8
2386,QCACX,21.96
2387,HCPSX,25.71
2388,ITHRX,22.91
2389,PRGTX,21.04
2390,MTCLX,19.91
2391,NPRTX,28.59
2392,MI9T.SW,33.16
2393,AGTHX,23.63
2394,XCHIX,26.8
2395,CFSIX,21.59
2396,ABECX,20.8
2397,ULPIX,21.86
2398,JISIX,22.43
2399,RYFIX,21.12
2400,OGLYX,20.15
2401,VCGAX,21.68
2402,JGIRX,20.11
2403,CCDTX,23.45
2404,BEQGX,21.66
2405,FSDAX,36.66
2406,RLGCX,22.71
2407,CSDRX,23.27
2408,FIDKX,21.74
2409,CGICX,28.54
2410,PNVRX,27.35
2411,VCSVX,28.71
2412,FSCRX,22.94
2413,OSCYX,28.91
2414,AMGCX,23.45
2415,IVVYX,22.89
2416,MSDVX,24.87
2417,S3769.MC,22.21
2418,SAOCX,23.9
2419,VIMSX,23.16
2420,NEWCX,25.24
2421,PSSNX,28.1
2422,VGHCX,26.36
2423,ASMMX,22.57
2424,DSEFX,20.44
2425,PMVBX,21.86
2426,ACVUX,22.38
2427,AFIFX,23.39
2428,TRWAX,22.82
2429,PABGX,21.51
2430,DHSIX,29.95
2431,NWHOX,20.7
2432,WFQYX,24.52
2433,S1257.MC,21.54
2434,JNBAX,24.99
2435,S3465.MC,22.95
2436,VGICX,23.27
2437,FFFHX,23.39
2438,BGFIX,21.74
2439,EPGAX,23.04
2440,CICCX,23.49
2441,JANBX,21.26
2442,HERYX,27.4
2443,ARDEX,23.02
2444,JVAIX,23.63
2445,SPRAX,24.35
2446,IHSSX,27.8
2447,AIVKX,22.79
2448,DFGBX,17.53
2449,S1595.MC,22.74
2450,WBIIX,20.89
2451,JAQDX,23.41
2452,MYISX,26.1
2453,OGEAX,22.05
2454,ERBAX,24.14
2455,GRMCX,22.05
2456,GRMRX,22.05
2457,TGVFX,21.13
2458,PGSGX,27.68
2459,RWMGX,23.2
2460,TIBAX,22.31
2461,TVFMX,22.17
2462,LCEAX,25.13
2463,PEYAX,24.66
2464,CNPSX,23.58
2465,JDESX,21.59
2466,SWNRX,22.71
2467,PCBIX,23.04
2468,HBLAX,25.26
2469,TRAMX,26.82
2470,JRTTX,23.29
2471,JGACX,21.28
2472,GABOX,28.82
2473,CCRZX,21.76
2474,GSYRX,26.01
2475,PRSGX,23.54
2476,JRSTX,23.53
2477,IIGPX,24.82
2478,JBBSX,23.79
2479,WSTYX,21.75
2480,NUGIX,21.36
2481,S3293.MC,23.14
2482,REREX,24.1
2483,MIPIX,22.61
2484,SSIQX,22.15
2485,TASCX,32.81
2486,MTRAX,24.02
2487,JPPIX,24.85
2488,VTTSX,23.32
2489,VWINX,24.7
2490,RESIX,24.79
2491,JAQTX,23.41
2492,JRLGX,24.54
2493,WAIGX,23.75
2494,PTDMX,23.02
2495,MFWIX,22.83
2496,FITRX,24.16
2497,MCGFX,20.4
2498,VTRIX,23.21
2499,PSSJX,28.1
2500,SWLSX,20.71
2501,PXSGX,22.31
2502,GTDYX,25.06
2503,WGGNX,20.33
2504,FSEAX,24.31
2505,LMASX,26.67
2506,HHEVF.AS,21.78
2507,OIBFX,23.16
2508,MSSFX,28.37
2509,MIECX,19.0
2510,RSLCX,26.16
2511,AAIPX,22.7
2512,OEGAX,22.71
2513,DGFYX,22.91
2514,RGGAX,23.47
2515,JCAVX,24.47
2516,AKRIX,17.95
2517,INFIX,30.4
2518,PGVFX,22.01
2519,VIGAX,20.54
2520,DFUKX,22.67
2521,S3103.MC,24.69
2522,JFFIX,22.26
2523,TVVIX,23.53
2524,THCGX,26.23
2525,MGAFX,21.58
2526,DGAGX,20.92
2527,CAMOX,23.9
2528,TMCPX,24.64
2529,JIGFX,22.61
2530,AROAX,23.04
2531,NLSCX,23.09
2532,MPILX,22.46
2533,DPREX,24.72
2534,FZAPX,22.99
2535,AYBLX,22.19
2536,FARCX,16.07
2537,BBISX,23.46
2538,FDCAX,23.31
2539,VFFVX,23.32
2540,OPGSX,38.17
2541,WCPIX,22.83
2542,IMLAX,23.34
2543,BMEAX,25.42
2544,PTDPX,23.02
2545,PREFX,21.11
2546,CSGYX,28.59
2547,DFGFX,17.1
2548,DSGCX,27.67
2549,MSARX,24.81
2550,SPSAX,28.13
2551,CNWFX,25.24
2552,ATWYX,22.66
2553,RRGCX,15.97
2554,IEOHX,21.43
2555,IVCSX,27.4
2556,OPMNX,22.77
2557,IWPVX,23.92
2558,IIRGX,22.79
2559,FBDIX,30.1
2560,SCIUX,22.64
2561,QFVIX,21.95
2562,YAFIX,22.51
2563,PBEAX,23.26
2564,JEEFX,25.78
2565,MMUFX,29.17
2566,FTCHX,20.32
2567,AWAYX,22.63
2568,HWCAX,25.33
2569,ATNNX,21.57
2570,KOF1.F,27.74
2571,PHSYX,25.87
2572,TWUIX,21.51
2573,MOSAX,21.67
2574,BIPIX,23.69
2575,MFEBX,23.87
2576,IJSIX,26.88
2577,PRGIX,23.19
2578,ARWOX,23.25
2579,JWWFX,22.33
2580,SMVTX,23.2
2581,LAGWX,28.79
2582,JVLTX,23.27
2583,EACPX,20.65
2584,RYEAX,35.21
2585,DPRRX,24.72
2586,RERAX,24.1
2587,EMGNX,24.48
2588,VTSAX,22.77
2589,USMIX,26.37
2590,RYFAX,21.12
2591,DWGAX,26.43
2592,VWNFX,23.33
2593,SUVCX,24.2
2594,IWRFX,31.74
2595,PGNBX,23.2
2596,IEMFX,24.2
2597,PTDIX,23.02
2598,HFEAX,21.65
2599,MPEGX,22.52
2600,NRCFX,15.59
2601,TMLCX,22.0
2602,FFFEX,23.76
2603,FIDCX,25.01
2604,SPXKX,22.05
2605,PCSSX,23.16
2606,MNDCX,25.22
2607,TCLFX,23.58
2608,GSCZX,28.25
2609,USSCX,24.75
2610,SILVX,20.25
2611,S3673.MC,23.57
2612,NCBGX,22.31
2613,ISFAX,26.52
2614,JUECX,21.79
2615,S3438.MC,23.1
2616,CSVFX,21.93
2617,TEMMX,27.09
2618,JGDAX,25.1
2619,S3052.MC,22.55
2620,UGOFX,21.21
2621,PJORX,23.51
2622,DSCVX,28.71
2623,GGGIX,19.76
2624,FEDTX,27.63
2625,NBPTX,28.59
2626,RAFEX,22.86
2627,FMILX,26.17
2628,AIBLX,23.1
2629,GQLOX,20.81
2630,EACVX,24.57
2631,HWLAX,25.54
2632,FRSLX,23.77
2633,TISEX,28.61
2634,TSALX,22.83
2635,POAGX,25.21
2636,HACCX,23.6
2637,FIVQX,23.7
2638,HGHIX,27.92
2639,DPRIX,20.69
2640,WMMCX,31.14
2641,POVSX,20.67
2642,MIDLX,23.68
2643,JGRTX,22.5
2644,RSNYX,41.21
2645,PRISX,25.74
2646,HQIYX,24.26
2647,PSBSX,28.59
2648,GIGAX,23.0
2649,FBSOX,19.0
2650,SDVGX,22.06
2651,ZKRS.SW,29.78
2652,JDBAX,21.26
2653,OTCFX,28.53
2654,PROAX,23.32
2655,FSHCX,21.07
2656,LTSGX,23.67
2657,ROLG.AS,19.46
2658,FXIFX,23.14
2659,MSAVX,24.81
2660,NQCCX,24.53
2661,MLTCX,23.07
2662,PTCSX,23.29
2663,TVRVX,18.13
2664,BOPCX,21.41
2665,TCRIX,23.4
2666,WTTRX,24.53
2667,CUSIX,26.83
2668,BIBDX,21.33
2669,FESGX,22.97
2670,GOLD5+A.MX,22.96
2671,JRIQX,23.23
2672,JFEAX,23.87
2673,PPGRX,21.22
2674,PRFEX,23.79
2675,UDPIX,24.11
2676,QSMLX,27.94
2677,WFGGX,22.09
2678,DRIPX,24.57
2679,EMICX,20.08
2680,MVCJX,24.57
2681,RCEYX,24.14
2682,AIVSX,23.49
2683,FRBRX,30.1
2684,RPMIX,26.85
2685,RYOAX,28.05
2686,NSVAX,29.73
2687,GABUX,31.89
2688,DFEMX,27.37
2689,BRGPX,23.27
2690,QIVAX,21.12
2691,SLASX,22.45
2692,ETFOX,23.77
2693,GFFFX,23.63
2694,JSVDX,28.26
2695,CISGX,21.59
2696,NINDX,22.05
2697,GHAAX,32.7
2698,VEUPX,21.64
2699,LSSCX,27.92
2700,MLRTX,20.01
2701,AUIRX,21.71
2702,BIAWX,20.3
2703,PAGRX,24.71
2704,POICX,22.95
2705,NGQAX,21.79
2706,POGRX,24.9
2707,DFUSX,22.05
2708,MTSMX,22.75
2709,GIFFX,24.77
2710,CAAAX,22.52
2711,TCWCX,26.23
2712,TLVIX,23.59
2713,NWJDX,20.33
2714,DEUCX,20.29
2715,HCKAX,22.95
2716,FIIAX,24.06
2717,JSSM.SW,24.96
2718,PHLCX,29.13
2719,DODGX,22.36
2720,OSTFX,21.06
2721,VRGWX,20.69
2722,HIOCX,21.67
2723,RTSSX,26.17
2724,NAESX,26.39
2725,PQSAX,28.63
2726,JNVSX,20.36
2727,INVEXTKA.MX,24.65
2728,FSJHX,22.99
2729,ATSNX,29.04
2730,VIGIX,20.54
2731,RTIYX,22.9
2732,HICSX,23.86
2733,RYTFX,27.45
2734,BAFHX,22.31
2735,MEDRX,26.46
2736,NMFIX,24.48
2737,TVVAX,23.53
2738,OEGNX,22.71
2739,MXMDX,25.03
2740,GSRLX,22.88
2741,FLVCX,23.44
2742,VMCVX,25.72
2743,ABPYX,23.23
2744,EQTIX,22.76
2745,FLMVX,23.62
2746,JENHX,23.45
2747,AROIX,23.04
2748,DBMYX,25.75
2749,RCGHX,27.05
2750,VSTBX,24.29
2751,TRFFX,23.49
2752,TSCIX,27.83
2753,VWMIX,25.65
2754,JIVCX,23.1
2755,WFQUX,23.42
2756,FKGRX,21.23
2757,FGTIX,22.17
2758,HISIX,20.97
2759,MCMVX,23.66
2760,S2225.MC,21.53
2761,ICGEX,22.52
2762,JLIFX,24.06
2763,AMEFX,24.39
2764,WFFAX,24.89
2765,ECASX,23.41
2766,PPTCX,22.93
2767,NASDX,20.9
2768,DFELX,22.71
2769,OTCBX,21.88
2770,JPPSX,24.85
2771,BAAPX,22.95
2772,GUIQX,24.33
2773,WGFCX,23.31
2774,FBTTX,30.56
2775,STBIX,22.05
2776,FOCPX,21.71
2777,TRIGX,24.15
2778,WILCX,25.21
2779,TCREX,16.27
2780,RMFAX,22.63
2781,PSIJX,28.06
2782,NQCRX,24.53
2783,PACLX,24.18
2784,LVPIX,23.77
2785,MWEIX,20.91
2786,VITPX,22.77
2787,USAAX,21.17
2788,QUAIX,28.78
2789,NEXTX,24.57
2790,JRHQX,23.63
2791,BSFIX,25.53
2792,FEAFX,20.63
2793,ECFGX,21.22
2794,FSTUX,26.04
2795,BDSHX,23.0
2796,EIFVX,25.39
2797,INIVX,35.61
2798,HFMIX,24.79
2799,VTTHX,23.28
2800,GQETX,20.81
2801,FZAHX,22.8
2802,KINAX,19.98
2803,IGEAX,21.15
2804,EQICX,25.74
2805,FDSTX,20.68
2806,NWCFX,18.81
2807,PRAAX,23.55
2808,HARPX,24.18
2809,JSGZX,27.68
2810,JVMSX,24.69
2811,IVVIX,26.11
2812,MRLOX,22.64
2813,FKUTX,31.49
2814,IARAX,15.76
2815,LOMMX,22.31
2816,PMFJX,25.24
2817,JNGSX,17.35
2818,AATIX,27.64
2819,USCOX,25.07
2820,FGIRX,24.16
2821,ADNAX,27.22
2822,PESPX,25.24
2823,LEDCX,33.71
2824,TPCIX,28.05
2825,JILAX,23.93
2826,VGSIX,15.86
2827,TEMQX,24.4
2828,CHDPX,23.44
2829,ATRIX,22.15
2830,IPETX,24.29
2831,IDXRX,23.14
2832,ARTLX,22.73
2833,DFPRX,22.75
2834,TASVX,27.83
2835,NWMHX,23.89
2836,AEEIX,16.64
2837,SCETX,26.13
2838,UISCX,28.05
2839,FAGKX,22.04
2840,TBGVX,23.15
2841,NNGCX,22.12
2842,NMPAX,25.22
2843,PIFCX,26.82
2844,NMCCX,23.38
2845,CHTRX,21.72
2846,MMIYX,23.79
2847,GGFRX,22.05
2848,OAKEX,21.87
2849,BAPGX,23.6
2850,MINYX,21.65
2851,RYVYX,20.82
2852,PNVAX,24.99
2853,BSCFX,25.53
2854,WFTYX,24.28
2855,IOEZX,22.75
2856,ALCZX,22.16
2857,PLTJX,23.29
2858,SBLGX,20.21
2859,MGINX,22.43
2860,EAALX,20.5
2861,PVSCX,27.69
2862,GTEYX,22.08
2863,IFAFX,24.39
2864,JWGRX,22.33
2865,BPAVX,24.93
2866,RYAWX,21.15
2867,DTLGX,21.11
2868,MFUAX,24.42
2869,OSVCX,29.04
2870,SUVZX,24.2
2871,RSIYX,25.98
2872,RBACX,23.66
2873,URFFX,23.4
2874,SBBAX,24.22
2875,HGOCX,22.8
2876,JQLAX,23.93
2877,VTIVX,23.32
2878,LMEAX,23.04
2879,CPNYX,27.64
2880,BGPSF.AS,15.27
2881,RSVIX,28.58
2882,S1278.MC,26.11
2883,MCJAX,29.14
2884,ASPZX,21.05
2885,FRNRX,33.2
2886,VWELX,22.59
2887,MMQAX,28.61
2888,PXWIX,20.75
2889,RRGTX,15.97
2890,BVAOX,27.91
2891,MLPEX,37.28
2892,PWBCX,22.15
2893,HGHCX,27.92
2894,SCINX,22.94
2895,ABNIX,24.22
2896,FTQGX,20.54
2897,MAPOX,24.09
2898,MRYSX,23.41
2899,PRNEX,28.57
2900,RNCCX,24.72
2901,JVIAX,20.24
2902,GGSCX,22.23
2903,VEXAX,26.08
2904,AMLPX,34.49
2905,AIGYX,16.12
2906,RDLAX,20.84
2907,PQIIX,24.55
2908,AMECX,24.39
2909,FAIRX,25.66
2910,WLCVX,24.68
2911,RFNCX,23.39
2912,VILLX,26.13
2913,TWSIX,20.26
2914,ISMOX,23.38
2915,SAGCX,21.93
2916,PAADX,22.97
2917,WFQAX,24.52
2918,OARBX,25.17
2919,H61Q.SG,24.23
2920,RICFX,23.49
2921,AUIKX,21.71
2922,ITHAX,22.91
2923,GGOAX,21.93
2924,MGOTX,23.58
2925,RYSVX,26.81
2926,JVAAX,23.63
2927,JRLVX,23.23
2928,ERDF.SW,31.87
2929,ROFCX,29.81
2930,LDFVX,23.97
2931,HACSX,23.86
2932,RIGGX,23.11
2933,OAKIX,23.7
2934,DNVYX,22.56
2935,GSMGX,26.38
2936,AIOIX,24.4
2937,CCCCX,32.5
2938,590104.BO,30.09
2939,S1064.MC,25.53
2940,FPACX,26.12
2941,FGRIX,24.11
2942,IMSCX,24.08
2943,BRESX,21.04
2944,FFEFX,23.75
2945,GDIIX,25.03
2946,STSCX,26.68
2947,VDIPX,23.16
2948,BRUFX,29.37
2949,GSRKX,21.52
2950,SWISX,22.32
2951,GTSFX,26.58
2952,IHORX,21.67
2953,JAPIX,24.64
2954,JVLIX,23.43
2955,SWSCX,28.89
2956,MASTX,20.8
2957,IIRSX,29.13
2958,GPTCX,24.21
2959,VCBCX,21.52
2960,NCVLX,25.82
2961,GABEX,23.98
2962,PRMTX,21.57
2963,OGIYX,25.46
2964,ALVAX,24.71
2965,LMOPX,25.62
2966,WBRRX,22.98
2967,PAROX,23.47
2968,JSVTX,28.26
2969,JGVVX,21.28
2970,OD6Q.SG,22.19
2971,PYSCX,27.86
2972,MBLAX,22.97
2973,OTCIX,21.88
2974,MOSLX,21.67
2975,DFSCX,29.34
2976,EKGCX,24.63
2977,LADYX,28.79
2978,RSPYX,28.69
2979,SUR-RVBFE.MX,23.06
2980,IGVWX,22.66
2981,ECCGX,22.9
2982,GLBIX,23.26
2983,JMVIX,24.76
2984,TEBIX,21.03
2985,WLGAX,19.3
2986,SABIX,22.58
2987,XG41.SW,20.07
2988,JOEMX,26.61
2989,MLPAX,36.51
2990,PRUAX,29.08
2991,BROAX,21.76
2992,JLHAX,23.92
2993,EEMCX,24.47
2994,NGRRX,22.54
2995,S3294.MC,21.87
2996,CFLIX,20.96
2997,PEIZX,23.26
2998,TVOAX,29.32
2999,NSMRX,26.7
3000,FUGIX,32.61
3001,IAXAX,22.59
3002,GSICX,20.76
3003,VFAIX,23.88
3004,MDIJX,21.92
3005,FFTYX,19.85
3006,STVZX,23.01
3007,SWANX,21.48
3008,GSQTX,28.9
3009,VECTSICF.MX,23.09
3010,DFEVX,31.14
3011,LGOPX,22.54
3012,COVRX,26.1
3013,MUERX,21.58
3014,ACGMX,24.77
3015,WBSIX,28.24
3016,LCTRX,36.13
3017,TSGGX,23.11
3018,PYREX,17.56
3019,TRRJX,23.49
3020,NRGSX,23.3
3021,LVOFX,25.7
3022,MALOX,22.64
3023,OBEGX,25.61
3024,JDVFX,23.43
3025,STMSX,27.18
3026,IUCEX,20.04
3027,IRSBX,15.6
3028,PMACX,27.02
3029,FAGAX,22.8
3030,AEPCX,24.1
3031,MUSEX,21.58
3032,PJGCX,23.51
3033,HLMGX,21.65
3034,FAFFX,23.58
3035,JTSIX,22.25
3036,DKINVO.CO,21.91
3037,BOGSX,21.68
3038,AEMTX,27.01
3039,NAIGX,22.54
3040,MCOAX,27.17
3041,JABLX,21.27
3042,RWIEX,22.7
3043,JNPLX,24.64
3044,BAPEX,23.75
3045,EUGDX,20.35
3046,RAGTX,21.58
3047,TOLLX,22.98
3048,FACGX,22.8
3049,S3370.MC,24.03
3050,USSPX,22.2
3051,MBCSX,21.47
3052,FAINX,23.07
3053,FLCEX,23.06
3054,SFPIX,23.33
3055,RDIIX,25.72
3056,VVIAX,24.15
3057,BHPF.AS,15.15
3058,EXHAX,23.0
3059,ARGAX,27.92
3060,SNTCX,23.26
3061,RYTSX,24.42
3062,WABIX,25.86
3063,LKSCX,28.28
3064,VRVIX,24.01
3065,WFGRX,24.28
3066,CGFAX,23.63
3067,ACUIX,24.25
3068,HWCIX,25.33
3069,ABPRX,21.2
3070,HNCYX,21.6
3071,STLDX,23.78
3072,VCSLX,29.04
3073,LADFX,28.79
3074,GABAX,23.72
3075,JDMRX,22.5
3076,JAQIX,23.41
3077,FRUSX,31.49
3078,IMOYX,23.78
3079,JGSMX,27.68
3080,SMCYX,27.74
3081,VALMX16B2FI.MX,34.59
3082,NYVBX,22.56
3083,INR.DE,25.97
3084,MALTX,28.89
3085,ACRNX,25.17
3086,MBAPX,21.46
3087,LEVOX,20.51
3088,JVMCX,24.69
3089,TIQIX,21.38
3090,MBESX,21.83
3091,VTCAX,22.55
3092,FBFRX,26.67
3093,NMGAX,23.42
3094,MNHIX,23.0
3095,EAIFX,23.54
3096,SUSIX,21.25
3097,S3166.MC,20.28
3098,AOVIX,22.41
3099,PNRCX,35.14
3100,FTUCX,22.58
3101,DWGFX,26.43
3102,ICRPX,16.29
3103,QGRYX,23.92
3104,GOGFX,27.69
3105,HJPSX,28.13
3106,BUFOX,27.98
3107,FGRAX,21.5
3108,FOCKX,21.71
3109,JAPCX,24.64
3110,PYASX,23.02
3111,EAFGX,21.22
3112,TRSPX,21.89
3113,CSEIX,16.21
3114,HWMIX,26.71
3115,VEXMX,26.08
3116,JPPEX,23.26
3117,BGSIX,21.72
3118,HSSAX,28.65
3119,NSOPX,21.9
3120,UBFG.SW,20.47
3121,TAVFX,28.23
3122,JLJHX,23.78
3123,LMVRX,25.07
3124,JPYRX,23.25
3125,TRRNX,23.34
3126,JNABX,22.98
3127,FSDIX,23.73
3128,SFILX,26.21
3129,MVALX,27.8
3130,TWSAX,23.1
3131,AEPGX,24.1
3132,BEXFX,26.94
3133,TRBCX,21.51
3134,CNSDX,24.56
3135,AWSYX,20.75
3136,FZAEX,27.13
3137,NNGRX,22.12
3138,FEMKX,23.93
3139,STSAX,24.06
3140,S3385.MC,22.21
3141,TOCQX,23.28
3142,SSHFX,23.55
3143,CMVYX,24.69
3144,LPBKX,23.89
3145,MFEIX,20.59
3146,HEMCX,24.17
3147,FILFX,22.31
3148,AOFAX,27.43
3149,GSYCX,26.01
3150,RDWEX,26.43
3151,LSRIX,27.41
3152,GICCX,23.65
3153,VVONX,25.8
3154,LANIX,23.68
3155,PIOTX,21.36
3156,S0856.MC,28.66
3157,ACEIX,24.72
3158,GSMAX,26.38
3159,MINJX,20.76
3160,QUAYX,28.78
3161,SUWCX,22.02
3162,IVGTX,19.95
3163,WFINX,22.05
3164,OMSOX,22.3
3165,JNBSX,24.99
3166,SKSEX,28.83
3167,HDGSX,22.42
3168,XUMB.SG,19.72
3169,EDIRX,23.95
3170,VADDX,23.01
3171,TSLAX,26.5
3172,SVBAX,22.92
3173,NDXKX,20.9
3174,EAGTX,22.15
3175,FDGTX,21.85
3176,PRBLX,20.02
3177,VEXPX,25.55
3178,NSRGX,29.49
3179,CAPBX,26.44
3180,IAUTX,26.04
3181,JM5C.SW,29.39
3182,BLRYX,15.73
3183,RNWAX,25.24
3184,MSFJX,23.33
3185,ADGYX,21.23
3186,S2779.MC,25.57
3187,ESPIX,31.08
3188,WARCX,25.86
3189,FUGAX,32.61
3190,IICHX,20.25
3191,S1763.MC,22.3
3192,SREZX,16.95
3193,LADQX,28.79
3194,VFORX,23.3
3195,ISGTX,23.93
3196,TIBIX,22.31
3197,JEGRX,18.74
3198,JMVAX,24.76
3199,IMPAX,27.87
3200,FPHAX,28.26
3201,FTASX,23.32
3202,NILIX,19.49
3203,S2869.MC,22.13
3204,IRNIX,29.92
3205,MLPIX,26.29
3206,JLKWX,23.23
3207,PEQYX,22.48
3208,FCVSX,27.21
3209,VISVX,26.85
3210,PSQGX,22.09
3211,PCVAX,27.35
3212,NRREX,15.73
3213,DISSX,28.1
3214,CFIPX,21.68
3215,VICVX,24.51
3216,SHSCX,26.16
3217,ANFFX,22.69
3218,WHGHX,25.26
3219,GETGX,23.66
3220,DPEMX,24.55
3221,JAGIX,19.65
3222,EQIIX,25.74
3223,JDVNX,23.43
3224,NSEIX,23.5
3225,TEPIX,18.81
3226,MXXLX,23.29
3227,QIBGX,23.12
3228,MTYKX,23.5
3229,KSMVX,26.93
3230,CVQZX,23.17
3231,SBHIX,23.21
3232,GAFCX,24.08
3233,SLAFX,32.19
3234,ALMAX,26.24
3235,LZEMX,25.92
3236,MSVNX,26.64
3237,TRIFX,24.34
3238,EIUTX,21.62
3239,WAIOX,27.33
3240,MSAIX,24.81
3241,WTFRX,24.52
3242,FISAX,23.01
3243,SMYIX,21.68
3244,VTSMX,22.77
3245,VGEIX,19.92
3246,FCVAX,24.59
3247,PYUSX,22.52
3248,ANDAX,23.09
3249,MYCCX,23.06
3250,NAFTRAC.MX,27.9
3251,JRTGX,23.51
3252,GPIIX,24.51
3253,MENYX,26.89
3254,ASMNX,28.88
3255,ACVQX,25.17
3256,ECSEX,24.95
3257,INBURSAB-1.MX,33.74
3258,BYQB.SW,26.36
3259,DODWX,24.76
3260,UAVAX,23.65
3261,JALGX,24.23
3262,FSPCX,23.3
3263,JOGIX,20.05
3264,UMEMX,24.47
3265,NWWOX,20.87
3266,PDRFX,22.19
3267,OAKMX,24.67
3268,GBATX,24.21
3269,ARYDX,15.97
3270,JATTX,27.02
3271,ECHSX,25.74
3272,SVIIX,23.01
3273,MSSGX,23.49
3274,FAAFX,31.42
3275,JYIGLO.CO,21.58
3276,FMIHX,21.27
3277,CRBYX,25.17
3278,CDOFX,27.65
3279,TVVFX,23.53
3280,FTCVX,27.21
3281,FPBFX,23.82
3282,FABLX,23.41
3283,ADOZX,25.57
3284,CCJTX,23.5
3285,GTDCX,25.06
3286,NESYX,23.35
3287,TRCPX,23.36
3288,GSLIX,23.49
3289,TGCEX,19.38
3290,JRRQX,23.32
3291,PJDCX,21.9
3292,ABALX,23.46
3293,GTNDX,22.08
3294,TLQIX,23.02
3295,CSGZX,21.05
3296,WAMVX,29.08
3297,OIGAX,20.74
3298,TAAGX,23.12
3299,JSCZX,28.73
3300,FBTCX,30.56
3301,CANGX,21.32
3302,TVRIX,22.17
3303,CGMFX,21.92
3304,JNSCX,23.12
3305,JACNX,25.38
3306,ZDIVX,23.78
3307,RSYEX,30.2
3308,PLFJX,23.5
3309,PCEMX,24.35
3310,SCOBX,20.4
3311,EMIRX,25.65
3312,HDGTX,22.42
3313,WPSH.AS,20.03
3314,HFCVX,25.7
3315,ISGRX,23.59
3316,CAPEX,22.5
3317,MBDIX,23.25
3318,CTSFX,23.93
3319,SVBBX,23.28
3320,RSSCX,23.27
3321,TCEPX,22.69
3322,NVMBX,24.85
3323,JGINX,19.65
3324,IBIYX,23.01
3325,FIGRX,21.74
3326,JDVVX,23.43
3327,HRASX,23.54
3328,TSMAX,23.88
3329,DSGYX,27.67
3330,TSGWX,23.59
3331,TMCLX,27.58
3332,VFIAX,22.05
3333,EKWCX,33.66
3334,SEGIX,26.19
3335,ATGRX,19.6
3336,JAMCX,23.62
3337,VEMPX,26.08
3338,TSVRX,27.83
3339,FVWSX,21.63
3340,IAXTX,22.59
3341,RWMBX,23.2
3342,TIERX,22.56
3343,TIVRX,21.75
3344,NPSTX,26.88
3345,JLMRX,24.05
3346,AFJCX,23.09
3347,PLICX,22.05
3348,QICLX,22.4
3349,IRLUX,21.83
3350,SDLAX,22.05
3351,BMPIX,25.91
3352,JISOX,27.48
3353,MIGAX,24.88
3354,BGRIX,23.63
3355,S2245.MC,22.49
3356,GOIAX,22.51
3357,+TASAD1F2.MX,23.44
3358,KNPYX,20.59
3359,RGACX,23.63
3360,FTGWX,22.82
3361,VEUCX,21.89
3362,PEQLX,24.66
3363,IRLIX,21.83
3364,JMGZX,22.84
3365,HAMVX,23.54
3366,NGCAX,25.18
3367,PJVQX,23.26
3368,DDVAX,23.31
3369,NLCCX,21.42
3370,FSELX,20.66
3371,IDXIX,23.45
3372,DWOAX,22.09
3373,S3887.MC,27.04
3374,JUEZX,21.79
3375,FMGIX,25.09
3376,MXSVX,29.99
3377,TEQIX,24.4
3378,PADEX,22.9
3379,S1456.MC,25.62
3380,FITWX,24.13
3381,STMFX,20.78
3382,DBICX,22.43
3383,MJFOX,22.84
3384,SKIKON.CO,28.78
3385,MXAPX,23.68
3386,RDLCX,20.84
3387,MRLAX,14.77
3388,EPSRX,23.07
3389,GCLLX,22.04
3390,CBAIX,21.19
3391,RFETX,23.39
3392,QKACX,21.96
3393,PDREX,22.19
3394,CWMCX,23.2
3395,NALFX,22.44
3396,HCPIX,25.71
3397,VGSTX,23.14
3398,RAETX,23.55
3399,CDOYX,24.25
3400,AICCX,23.49
3401,ADVDX,22.67
3402,CRIAX,29.47
3403,BAMCX,24.49
3404,VDSCX,21.7
3405,PYACX,24.64
3406,NFEPX,20.78
3407,MDIFX,21.92
3408,PUMYX,24.61
3409,MRGAX,22.37
3410,AZSCX,27.91
3411,JRIRX,15.46
3412,FMAGX,20.06
3413,BFOCX,22.19
3414,WEQCX,23.73
3415,SEITX,22.37
3416,DMVAX,28.19
3417,IAAAX,22.95
3418,GWSCX,26.54
3419,AWPCX,20.86
3420,PQIAX,23.87
3421,GLNLX,21.73
3422,PCUFX,29.08
3423,USTCX,24.75
3424,RNWFX,25.24
3425,SPQAX,20.4
3426,NWCAX,18.81
3427,QALGX,20.32
3428,JGCAX,24.05
3429,ARSKX,21.68
3430,GCTAX,22.66
3431,DFSTX,28.37
3432,MNWBX,21.64
3433,GITAX,18.83
3434,JNGLX,27.58
3435,CGFEX,23.63
3436,TDFAX,20.87
3437,TGIRX,21.75
3438,JLKHX,23.77
3439,RYPAX,24.42
3440,MLPRX,40.05
3441,PVNBX,24.99
3442,QCSCX,28.84
3443,OPMYX,22.77
3444,JLEEX,24.42
3445,HRTVX,30.84
3446,JSIGX,30.21
3447,RYDCX,25.21
3448,NWJEX,20.33
3449,TWEIX,25.35
3450,RWMFX,23.2
3451,EHIAX,22.62
3452,NMANX,23.42
3453,PDRRX,22.19
3454,MXMGX,24.65
3455,CLTAX,20.87
3456,EPLKX,23.7
3457,SMPIX,19.3
3458,NWMDX,23.89
3459,VREQX,16.22
3460,JEPAX,21.72
3461,JDCAX,21.33
3462,EPSYX,23.07
3463,FPURX,23.18
3464,S0009.MC,22.34
3465,GHAIX,32.7
3466,VIMAX,23.16
3467,UTPIX,31.79
3468,UBA3.SG,25.87
3469,JHSB.SW,27.32
3470,PMARX,22.64
3471,IPOYX,27.25
3472,ABLYX,24.71
3473,MBCGX,21.47
3474,NEWFX,25.24
3475,PSSMX,28.1
3476,GSCGX,22.03
3477,S2918.MC,23.15
3478,NOIEX,21.88
3479,NFACX,18.7
3480,MGRSX,20.95
3481,QCBGX,23.12
3482,TRULX,23.18
3483,JLFIX,24.13
3484,FEQIX,23.92
3485,IGHSX,22.66
3486,S1435.MC,23.65
3487,ETAHX,35.74
3488,AMFFX,22.63
3489,MSLLX,23.12
3490,MSGPX,22.66
3491,NWHHX,27.36
3492,TIGVX,20.99
3493,OARIX,23.7
3494,MIDCX,23.68
3495,RBAGX,23.66
3496,PLHZX,22.86
3497,GOCAX,28.82
3498,MSFRX,23.33
3499,DQIYX,22.52
3500,RIDEX,24.39
3501,QEENX,26.38
3502,IZSCX,20.52
3503,AAGPX,24.71
3504,LMBAX,28.41
3505,MCRFX,24.14
3506,QCENX,21.87
3507,CAIFX,23.74
3508,VPMCX,22.77
3509,FNORX,22.33
3510,ALVRX,24.34
3511,FSNGX,30.94
3512,JRHPX,23.44
3513,HMCVX,23.07
3514,EKBAX,24.43
3515,FMEIX,23.84
3516,TRRBX,23.99
3517,JSVAX,25.38
3518,MAEQX,22.47
3519,TWSMX,23.14
3520,FDGFX,21.87
3521,AFMCX,30.23
3522,RLBAX,23.46
3523,AMTAX,22.64
3524,HRVIX,29.04
3525,ADSIX,20.97
3526,WRGCX,26.9
3527,BRLGX,20.11
3528,FZAIX,21.74
3529,PKSFX,23.53
3530,CVLEX,23.43
3531,ICSCX,27.4
3532,HSRSX,28.48
3533,GLFOX,22.08
3534,PNERX,23.09
3535,OTFCX,21.5
3536,DBIVX,22.43
3537,GMMAX,24.68
3538,MREFX,18.47
3539,590109.BO,21.92
3540,DLDRX,33.98
3541,+CIBOLSA.MX,24.04
3542,NSPCX,27.6
3543,RLBBX,23.46
3544,JMVZX,23.62
3545,CNGEX,22.69
3546,DHLYX,23.41
3547,PVFYX,21.36
3548,MINFX,20.76
3549,CAMWX,23.9
3550,HGISX,22.4
3551,GBMAGRB.MX,36.87
3552,JRTWX,23.29
3553,VFWSX,23.86
3554,ABSKX,24.88
3555,JDSAX,28.88
3556,FIASX,25.91
3557,LLARX,24.22
3558,RERFX,24.1
3559,MOPBX,21.81
3560,HLRRX,19.79
3561,FAOAX,19.92
3562,FSAGX,32.09
3563,BPTRX,28.22
3564,JMISX,24.06
3565,IEMGX,25.92
3566,MMIAX,21.19
3567,USPAX,23.7
3568,PSGQX,21.49
3569,NINAX,26.16
3570,SAGWX,26.81
3571,REQAX,21.47
3572,MGLBX,20.19
3573,DKIUOBL.CO,24.23
3574,KTCIX,19.68
3575,TNSYX,22.08
3576,S2260.MC,23.04
3577,VTTVX,23.22
3578,GOPRX,28.96
3579,JANVX,27.22
3580,ODICX,27.83
3581,NSCFX,28.67
3582,MCJIX,29.14
3583,PMFPX,25.24
3584,ELFNX,21.36
3585,EVGBX,24.13
3586,DIEQX,20.44
3587,PSSIX,28.1
3588,EWECX,21.43
3589,JOSMX,26.59
3590,NWJAX,24.26
3591,CHCRX,25.12
3592,HRSCX,28.48
3593,FOSFX,19.97
3594,GICPX,19.76
3595,JPVIX,25.67
3596,IIGCX,35.61
3597,MRLIX,19.94
3598,RYHEX,25.82
3599,TLYIX,23.04
3600,DUSQX,22.56
3601,CIHCX,22.91
3602,IDPIX,23.83
3603,S3089.MC,25.37
3604,PIGRX,23.2
3605,PGEIX,25.03
3606,TEMWX,23.06
3607,OPOCX,27.83
3608,ADVLX,24.69
3609,WSMDX,25.66
3610,NWHDX,27.36
3611,WFQPX,24.52
3612,RRTPX,23.58
3613,RIFKX,26.36
3614,UEPSX,24.33
3615,IGMIX,20.16
3616,TILGX,21.14
3617,SEEKX,21.84
3618,MICGX,25.1
3619,PARCX,23.67
3620,OBSOX,26.74
3621,FCASX,23.32
3622,RSQYX,24.33
3623,LMEIX,24.22
3624,QVGIX,23.92
3625,TLGCX,22.53
3626,DFTEX,24.27
3627,ADCIX,20.97
3628,SPFZX,21.49
3629,DPRSX,24.72
3630,RYSYX,22.04
3631,NAMAX,24.69
3632,CNWEX,25.24
3633,JOEAX,26.61
3634,ERDU.SW,25.74
3635,MIDVX,20.09
3636,CPNFX,27.64
3637,UOPSX,21.71
3638,AZSYX,27.91
3639,GLOSX,24.4
3640,FZAMX,24.06
3641,SIIEX,21.34
3642,GLVCX,21.17
3643,AHSCX,28.45
3644,VIMCX,23.85
3645,LIVAX,22.82
3646,OPGIX,25.46
3647,MLPZX,40.05
3648,MTNRX,24.06
3649,PINZX,24.21
3650,VISAX,23.04
3651,LLPFX,27.01
3652,JSVUX,29.04
3653,SMBYX,21.78
3654,VGRIX,23.27
3655,REQCX,21.47
3656,VHGEX,23.29
3657,GSMYX,26.38
3658,SMEYX,26.09
3659,PHSZX,29.13
3660,LZSMX,24.1
3661,CWGCX,22.7
3662,RYDVX,25.72
3663,VIIIX,22.04
3664,EKOCX,21.45
3665,MSILX,21.8
3666,LSITX,20.21
3667,FBPBX,23.96
3668,IBNCX,22.29
3669,FDGRX,22.32
3670,ARTHX,24.83
3671,ACMYX,26.28
3672,NWQCX,25.27
3673,HWSAX,28.49
3674,HSRRX,28.48
3675,GOPSX,28.96
3676,MFBBX,23.25
3677,VNVNX,26.0
3678,GAFRX,23.9
3679,GGOIX,21.93
3680,JANRX,22.77
3681,CBAEX,23.66
3682,ABSRX,24.88
3683,NFEAX,20.78
3684,WFTCX,21.37
3685,USLIX,20.58
3686,NWKAX,22.23
3687,FFIDX,20.33
3688,UTPSX,31.79
3689,ECIDX,23.68
3690,ORILX,23.6
3691,CCBTX,23.86
3692,HSCSX,26.57
3693,EGWCX,27.21
3694,MRMIX,21.86
3695,HMVTX,26.31
3696,VPGDX,23.98
3697,WWSAX,27.44
3698,CLBAX,23.46
3699,HIMCX,24.79
3700,BRSVX,28.52
3701,JUNIORBEES.NS,30.09
3702,DNDGX,26.93
3703,NCBVX,24.35
3704,VSTCX,27.09
3705,WOGSX,22.14
3706,PXNIX,20.26
3707,OSTIX,28.85
3708,EXOSX,23.53
3709,ARLIX,23.22
3710,UGPIX,25.86
3711,CNWIX,25.26
3712,NVXCX,23.25
3713,LINRX,24.69
3714,SPECX,21.05
3715,IUENX,20.04
3716,ACGIX,24.77
3717,VEVFX,27.12
3718,PTDNX,23.02
3719,S2995.MC,23.53
3720,NUIRX,20.99
3721,IEOSX,21.43
3722,FNGAX,21.09
3723,CNJFX,26.26
3724,TESIX,24.09
3725,JLPCX,21.89
3726,AMCFX,22.86
3727,BALFX,23.46
3728,QECRX,26.38
