Date,Close,Ticker
2023-10-23 00:00:00-04:00,3.652906656265259,MRLAX
2023-10-24 00:00:00-04:00,3.681370973587036,MRLAX
2023-10-25 00:00:00-04:00,3.6149544715881348,MRLAX
2023-10-26 00:00:00-04:00,3.6339304447174072,MRLAX
2023-10-27 00:00:00-04:00,3.6149544715881348,MRLAX
2023-10-30 00:00:00-04:00,3.6339304447174072,MRLAX
2023-10-31 00:00:00-04:00,3.690859079360962,MRLAX
2023-11-01 00:00:00-04:00,3.728811264038086,MRLAX
2023-11-02 00:00:00-04:00,3.8331799507141113,MRLAX
2023-11-03 00:00:00-04:00,3.9090845584869385,MRLAX
2023-11-06 00:00:00-05:00,3.8616445064544678,MRLAX
2023-11-07 00:00:00-05:00,3.8236920833587646,MRLAX
2023-11-08 00:00:00-05:00,3.8331799507141113,MRLAX
2023-11-09 00:00:00-05:00,3.7952277660369873,MRLAX
2023-11-10 00:00:00-05:00,3.8236920833587646,MRLAX
2023-11-13 00:00:00-05:00,3.7952277660369873,MRLAX
2023-11-14 00:00:00-05:00,3.97550106048584,MRLAX
2023-11-15 00:00:00-05:00,3.97550106048584,MRLAX
2023-11-16 00:00:00-05:00,3.966012954711914,MRLAX
2023-11-17 00:00:00-05:00,3.966012954711914,MRLAX
2023-11-20 00:00:00-05:00,4.003964900970459,MRLAX
2023-11-21 00:00:00-05:00,3.97550106048584,MRLAX
2023-11-22 00:00:00-05:00,3.9849889278411865,MRLAX
2023-11-24 00:00:00-05:00,4.003964900970459,MRLAX
2023-11-27 00:00:00-05:00,4.013453483581543,MRLAX
2023-11-28 00:00:00-05:00,4.013453483581543,MRLAX
2023-11-29 00:00:00-05:00,4.0229411125183105,MRLAX
2023-11-30 00:00:00-05:00,4.04191780090332,MRLAX
2023-12-01 00:00:00-05:00,4.117822170257568,MRLAX
2023-12-04 00:00:00-05:00,4.127310276031494,MRLAX
2023-12-05 00:00:00-05:00,4.117822170257568,MRLAX
2023-12-06 00:00:00-05:00,4.108334064483643,MRLAX
2023-12-07 00:00:00-05:00,4.127310276031494,MRLAX
2023-12-08 00:00:00-05:00,4.117822170257568,MRLAX
2023-12-11 00:00:00-05:00,4.13679838180542,MRLAX
2023-12-12 00:00:00-05:00,4.13679838180542,MRLAX
2023-12-13 00:00:00-05:00,4.260142803192139,MRLAX
2023-12-14 00:00:00-05:00,4.374000072479248,MRLAX
2023-12-15 00:00:00-05:00,4.559999942779541,MRLAX
2023-12-18 00:00:00-05:00,4.300000190734863,MRLAX
2023-12-19 00:00:00-05:00,4.329999923706055,MRLAX
2023-12-20 00:00:00-05:00,4.289999961853027,MRLAX
2023-12-21 00:00:00-05:00,4.329999923706055,MRLAX
2023-12-22 00:00:00-05:00,4.340000152587891,MRLAX
2023-12-26 00:00:00-05:00,4.369999885559082,MRLAX
2023-12-27 00:00:00-05:00,4.400000095367432,MRLAX
2023-12-28 00:00:00-05:00,4.420000076293945,MRLAX
2023-12-29 00:00:00-05:00,4.380000114440918,MRLAX
2024-01-02 00:00:00-05:00,4.380000114440918,MRLAX
2024-01-03 00:00:00-05:00,4.300000190734863,MRLAX
2024-01-04 00:00:00-05:00,4.289999961853027,MRLAX
2024-01-05 00:00:00-05:00,4.289999961853027,MRLAX
2024-01-08 00:00:00-05:00,4.349999904632568,MRLAX
2024-01-09 00:00:00-05:00,4.320000171661377,MRLAX
2024-01-10 00:00:00-05:00,4.340000152587891,MRLAX
2024-01-11 00:00:00-05:00,4.309999942779541,MRLAX
2024-01-12 00:00:00-05:00,4.340000152587891,MRLAX
2024-01-16 00:00:00-05:00,4.300000190734863,MRLAX
2024-01-17 00:00:00-05:00,4.21999979019165,MRLAX
2024-01-18 00:00:00-05:00,4.199999809265137,MRLAX
2024-01-19 00:00:00-05:00,4.25,MRLAX
2024-01-22 00:00:00-05:00,4.269999980926514,MRLAX
2024-01-23 00:00:00-05:00,4.239999771118164,MRLAX
2024-01-24 00:00:00-05:00,4.210000038146973,MRLAX
2024-01-25 00:00:00-05:00,4.230000019073486,MRLAX
2024-01-26 00:00:00-05:00,4.230000019073486,MRLAX
2024-01-29 00:00:00-05:00,4.269999980926514,MRLAX
2024-01-30 00:00:00-05:00,4.239999771118164,MRLAX
2024-01-31 00:00:00-05:00,4.210000038146973,MRLAX
2024-02-01 00:00:00-05:00,4.269999980926514,MRLAX
2024-02-02 00:00:00-05:00,4.230000019073486,MRLAX
2024-02-05 00:00:00-05:00,4.170000076293945,MRLAX
2024-02-06 00:00:00-05:00,4.199999809265137,MRLAX
2024-02-07 00:00:00-05:00,4.199999809265137,MRLAX
2024-02-08 00:00:00-05:00,4.21999979019165,MRLAX
2024-02-09 00:00:00-05:00,4.21999979019165,MRLAX
2024-02-12 00:00:00-05:00,4.21999979019165,MRLAX
2024-02-13 00:00:00-05:00,4.139999866485596,MRLAX
2024-02-14 00:00:00-05:00,4.170000076293945,MRLAX
2024-02-15 00:00:00-05:00,4.260000228881836,MRLAX
2024-02-16 00:00:00-05:00,4.230000019073486,MRLAX
2024-02-20 00:00:00-05:00,4.230000019073486,MRLAX
2024-02-21 00:00:00-05:00,4.25,MRLAX
2024-02-22 00:00:00-05:00,4.269999980926514,MRLAX
2024-02-23 00:00:00-05:00,4.260000228881836,MRLAX
2024-02-26 00:00:00-05:00,4.230000019073486,MRLAX
2024-02-27 00:00:00-05:00,4.230000019073486,MRLAX
2024-02-28 00:00:00-05:00,4.230000019073486,MRLAX
2024-02-29 00:00:00-05:00,4.260000228881836,MRLAX
2024-03-01 00:00:00-05:00,4.300000190734863,MRLAX
2024-03-04 00:00:00-05:00,4.329999923706055,MRLAX
2024-03-05 00:00:00-05:00,4.28000020980835,MRLAX
2024-03-06 00:00:00-05:00,4.320000171661377,MRLAX
2024-03-07 00:00:00-05:00,4.340000152587891,MRLAX
2024-03-08 00:00:00-05:00,4.369999885559082,MRLAX
2024-03-11 00:00:00-04:00,4.360000133514404,MRLAX
2024-03-12 00:00:00-04:00,4.349999904632568,MRLAX
2024-03-13 00:00:00-04:00,4.329999923706055,MRLAX
2024-03-14 00:00:00-04:00,4.289999961853027,MRLAX
2024-03-15 00:00:00-04:00,4.28000020980835,MRLAX
2024-03-18 00:00:00-04:00,4.289999961853027,MRLAX
2024-03-19 00:00:00-04:00,4.309999942779541,MRLAX
2024-03-20 00:00:00-04:00,4.340000152587891,MRLAX
2024-03-21 00:00:00-04:00,4.360000133514404,MRLAX
2024-03-22 00:00:00-04:00,4.320000171661377,MRLAX
2024-03-25 00:00:00-04:00,4.309999942779541,MRLAX
2024-03-26 00:00:00-04:00,4.289999961853027,MRLAX
2024-03-27 00:00:00-04:00,4.380000114440918,MRLAX
2024-03-28 00:00:00-04:00,4.409999847412109,MRLAX
2024-04-01 00:00:00-04:00,4.349999904632568,MRLAX
2024-04-02 00:00:00-04:00,4.300000190734863,MRLAX
2024-04-03 00:00:00-04:00,4.289999961853027,MRLAX
2024-04-04 00:00:00-04:00,4.260000228881836,MRLAX
2024-04-05 00:00:00-04:00,4.289999961853027,MRLAX
2024-04-08 00:00:00-04:00,4.329999923706055,MRLAX
2024-04-09 00:00:00-04:00,4.369999885559082,MRLAX
2024-04-10 00:00:00-04:00,4.239999771118164,MRLAX
2024-04-11 00:00:00-04:00,4.239999771118164,MRLAX
2024-04-12 00:00:00-04:00,4.199999809265137,MRLAX
2024-04-15 00:00:00-04:00,4.150000095367432,MRLAX
2024-04-16 00:00:00-04:00,4.099999904632568,MRLAX
2024-04-17 00:00:00-04:00,4.079999923706055,MRLAX
2024-04-18 00:00:00-04:00,4.090000152587891,MRLAX
2024-04-19 00:00:00-04:00,4.099999904632568,MRLAX
2024-04-22 00:00:00-04:00,4.139999866485596,MRLAX
2024-04-23 00:00:00-04:00,4.179999828338623,MRLAX
2024-04-24 00:00:00-04:00,4.170000076293945,MRLAX
2024-04-25 00:00:00-04:00,4.150000095367432,MRLAX
2024-04-26 00:00:00-04:00,4.170000076293945,MRLAX
2024-04-29 00:00:00-04:00,4.210000038146973,MRLAX
2024-04-30 00:00:00-04:00,4.150000095367432,MRLAX
2024-05-01 00:00:00-04:00,4.150000095367432,MRLAX
2024-05-02 00:00:00-04:00,4.230000019073486,MRLAX
2024-05-03 00:00:00-04:00,4.25,MRLAX
2024-05-06 00:00:00-04:00,4.269999980926514,MRLAX
2024-05-07 00:00:00-04:00,4.300000190734863,MRLAX
2024-05-08 00:00:00-04:00,4.260000228881836,MRLAX
2024-05-09 00:00:00-04:00,4.329999923706055,MRLAX
2024-05-10 00:00:00-04:00,4.329999923706055,MRLAX
2024-05-13 00:00:00-04:00,4.340000152587891,MRLAX
2024-05-14 00:00:00-04:00,4.360000133514404,MRLAX
2024-05-15 00:00:00-04:00,4.429999828338623,MRLAX
2024-05-16 00:00:00-04:00,4.420000076293945,MRLAX
2024-05-17 00:00:00-04:00,4.429999828338623,MRLAX
2024-05-20 00:00:00-04:00,4.400000095367432,MRLAX
2024-05-21 00:00:00-04:00,4.389999866485596,MRLAX
2024-05-22 00:00:00-04:00,4.360000133514404,MRLAX
2024-05-23 00:00:00-04:00,4.28000020980835,MRLAX
2024-05-24 00:00:00-04:00,4.300000190734863,MRLAX
2024-05-28 00:00:00-04:00,4.289999961853027,MRLAX
2024-05-29 00:00:00-04:00,4.239999771118164,MRLAX
2024-05-30 00:00:00-04:00,4.289999961853027,MRLAX
2024-05-31 00:00:00-04:00,4.349999904632568,MRLAX
2024-06-03 00:00:00-04:00,4.349999904632568,MRLAX
2024-06-04 00:00:00-04:00,4.389999866485596,MRLAX
2024-06-05 00:00:00-04:00,4.400000095367432,MRLAX
2024-06-06 00:00:00-04:00,4.400000095367432,MRLAX
2024-06-07 00:00:00-04:00,4.340000152587891,MRLAX
2024-06-10 00:00:00-04:00,4.349999904632568,MRLAX
2024-06-11 00:00:00-04:00,4.320000171661377,MRLAX
2024-06-12 00:00:00-04:00,4.360000133514404,MRLAX
2024-06-13 00:00:00-04:00,4.360000133514404,MRLAX
2024-06-14 00:00:00-04:00,4.360000133514404,MRLAX
2024-06-17 00:00:00-04:00,4.340000152587891,MRLAX
2024-06-18 00:00:00-04:00,4.360000133514404,MRLAX
2024-06-20 00:00:00-04:00,4.340000152587891,MRLAX
2024-06-21 00:00:00-04:00,4.340000152587891,MRLAX
2024-06-24 00:00:00-04:00,4.369999885559082,MRLAX
2024-06-25 00:00:00-04:00,4.329999923706055,MRLAX
2024-06-26 00:00:00-04:00,4.300000190734863,MRLAX
2024-06-27 00:00:00-04:00,4.329999923706055,MRLAX
2024-06-28 00:00:00-04:00,4.369999885559082,MRLAX
2024-07-01 00:00:00-04:00,4.340000152587891,MRLAX
2024-07-02 00:00:00-04:00,4.369999885559082,MRLAX
2024-07-03 00:00:00-04:00,4.380000114440918,MRLAX
2024-07-05 00:00:00-04:00,4.409999847412109,MRLAX
2024-07-08 00:00:00-04:00,4.400000095367432,MRLAX
2024-07-09 00:00:00-04:00,4.400000095367432,MRLAX
2024-07-10 00:00:00-04:00,4.440000057220459,MRLAX
2024-07-11 00:00:00-04:00,4.510000228881836,MRLAX
2024-07-12 00:00:00-04:00,4.550000190734863,MRLAX
2024-07-15 00:00:00-04:00,4.570000171661377,MRLAX
2024-07-16 00:00:00-04:00,4.610000133514404,MRLAX
2024-07-17 00:00:00-04:00,4.619999885559082,MRLAX
2024-07-18 00:00:00-04:00,4.590000152587891,MRLAX
2024-07-19 00:00:00-04:00,4.570000171661377,MRLAX
2024-07-22 00:00:00-04:00,4.619999885559082,MRLAX
2024-07-23 00:00:00-04:00,4.599999904632568,MRLAX
2024-07-24 00:00:00-04:00,4.519999980926514,MRLAX
2024-07-25 00:00:00-04:00,4.489999771118164,MRLAX
2024-07-26 00:00:00-04:00,4.550000190734863,MRLAX
2024-07-29 00:00:00-04:00,4.579999923706055,MRLAX
2024-07-30 00:00:00-04:00,4.599999904632568,MRLAX
2024-07-31 00:00:00-04:00,4.610000133514404,MRLAX
2024-08-01 00:00:00-04:00,4.630000114440918,MRLAX
2024-08-02 00:00:00-04:00,4.619999885559082,MRLAX
2024-08-05 00:00:00-04:00,4.5,MRLAX
2024-08-06 00:00:00-04:00,4.590000152587891,MRLAX
2024-08-07 00:00:00-04:00,4.570000171661377,MRLAX
2024-08-08 00:00:00-04:00,4.619999885559082,MRLAX
2024-08-09 00:00:00-04:00,4.650000095367432,MRLAX
2024-08-12 00:00:00-04:00,4.619999885559082,MRLAX
2024-08-13 00:00:00-04:00,4.679999828338623,MRLAX
2024-08-14 00:00:00-04:00,4.690000057220459,MRLAX
2024-08-15 00:00:00-04:00,4.690000057220459,MRLAX
2024-08-16 00:00:00-04:00,4.690000057220459,MRLAX
2024-08-19 00:00:00-04:00,4.739999771118164,MRLAX
2024-08-20 00:00:00-04:00,4.730000019073486,MRLAX
2024-08-21 00:00:00-04:00,4.75,MRLAX
2024-08-22 00:00:00-04:00,4.760000228881836,MRLAX
2024-08-23 00:00:00-04:00,4.849999904632568,MRLAX
2024-08-26 00:00:00-04:00,4.860000133514404,MRLAX
2024-08-27 00:00:00-04:00,4.880000114440918,MRLAX
2024-08-28 00:00:00-04:00,4.860000133514404,MRLAX
2024-08-29 00:00:00-04:00,4.840000152587891,MRLAX
2024-08-30 00:00:00-04:00,4.880000114440918,MRLAX
2024-09-03 00:00:00-04:00,4.849999904632568,MRLAX
2024-09-04 00:00:00-04:00,4.860000133514404,MRLAX
2024-09-05 00:00:00-04:00,4.869999885559082,MRLAX
2024-09-06 00:00:00-04:00,4.849999904632568,MRLAX
2024-09-09 00:00:00-04:00,4.900000095367432,MRLAX
2024-09-10 00:00:00-04:00,4.96999979019165,MRLAX
2024-09-11 00:00:00-04:00,4.96999979019165,MRLAX
2024-09-12 00:00:00-04:00,5.0,MRLAX
2024-09-13 00:00:00-04:00,5.03000020980835,MRLAX
2024-09-16 00:00:00-04:00,5.050000190734863,MRLAX
2024-09-17 00:00:00-04:00,5.0,MRLAX
2024-09-18 00:00:00-04:00,4.989999771118164,MRLAX
2024-09-19 00:00:00-04:00,5.019999980926514,MRLAX
2024-09-20 00:00:00-04:00,4.989999771118164,MRLAX
2024-09-23 00:00:00-04:00,5.039999961853027,MRLAX
2024-09-24 00:00:00-04:00,5.039999961853027,MRLAX
2024-09-25 00:00:00-04:00,5.010000228881836,MRLAX
2024-09-26 00:00:00-04:00,5.010000228881836,MRLAX
2024-09-27 00:00:00-04:00,5.010000228881836,MRLAX
2024-09-30 00:00:00-04:00,5.019999980926514,MRLAX
2024-10-01 00:00:00-04:00,5.0,MRLAX
2024-10-02 00:00:00-04:00,4.980000019073486,MRLAX
2024-10-03 00:00:00-04:00,4.940000057220459,MRLAX
2024-10-04 00:00:00-04:00,4.920000076293945,MRLAX
2024-10-07 00:00:00-04:00,4.869999885559082,MRLAX
2024-10-08 00:00:00-04:00,4.869999885559082,MRLAX
2024-10-09 00:00:00-04:00,4.869999885559082,MRLAX
2024-10-10 00:00:00-04:00,4.840000152587891,MRLAX
2024-10-11 00:00:00-04:00,4.880000114440918,MRLAX
2024-10-14 00:00:00-04:00,4.889999866485596,MRLAX
2024-10-15 00:00:00-04:00,4.909999847412109,MRLAX
2024-10-16 00:00:00-04:00,4.96999979019165,MRLAX
2024-10-17 00:00:00-04:00,4.949999809265137,MRLAX
2024-10-18 00:00:00-04:00,4.96999979019165,MRLAX
2024-10-21 00:00:00-04:00,4.880000114440918,MRLAX
2023-10-23 00:00:00-04:00,6.477466583251953,DRLYX
2023-10-24 00:00:00-04:00,6.535821914672852,DRLYX
2023-10-25 00:00:00-04:00,6.3899335861206055,DRLYX
2023-10-26 00:00:00-04:00,6.458014488220215,DRLYX
2023-10-27 00:00:00-04:00,6.4093852043151855,DRLYX
2023-10-30 00:00:00-04:00,6.438562870025635,DRLYX
2023-10-31 00:00:00-04:00,6.526096343994141,DRLYX
2023-11-01 00:00:00-04:00,6.594178199768066,DRLYX
2023-11-02 00:00:00-04:00,6.808148384094238,DRLYX
2023-11-03 00:00:00-04:00,6.9637627601623535,DRLYX
2023-11-06 00:00:00-05:00,6.876229763031006,DRLYX
2023-11-07 00:00:00-05:00,6.808148384094238,DRLYX
2023-11-08 00:00:00-05:00,6.827600002288818,DRLYX
2023-11-09 00:00:00-05:00,6.749792575836182,DRLYX
2023-11-10 00:00:00-05:00,6.7886962890625,DRLYX
2023-11-13 00:00:00-05:00,6.730340957641602,DRLYX
2023-11-14 00:00:00-05:00,7.099925994873047,DRLYX
2023-11-15 00:00:00-05:00,7.109651565551758,DRLYX
2023-11-16 00:00:00-05:00,7.080474376678467,DRLYX
2023-11-17 00:00:00-05:00,7.090199947357178,DRLYX
2023-11-20 00:00:00-05:00,7.1582818031311035,DRLYX
2023-11-21 00:00:00-05:00,7.099925994873047,DRLYX
2023-11-22 00:00:00-05:00,7.129103660583496,DRLYX
2023-11-24 00:00:00-05:00,7.148555278778076,DRLYX
2023-11-27 00:00:00-05:00,7.1680073738098145,DRLYX
2023-11-28 00:00:00-05:00,7.197185039520264,DRLYX
2023-11-29 00:00:00-05:00,7.226362705230713,DRLYX
2023-11-30 00:00:00-05:00,7.25554084777832,DRLYX
2023-12-01 00:00:00-05:00,7.420881748199463,DRLYX
2023-12-04 00:00:00-05:00,7.459785461425781,DRLYX
2023-12-05 00:00:00-05:00,7.430607318878174,DRLYX
2023-12-06 00:00:00-05:00,7.440333366394043,DRLYX
2023-12-07 00:00:00-05:00,7.469511032104492,DRLYX
2023-12-08 00:00:00-05:00,7.450058937072754,DRLYX
2023-12-11 00:00:00-05:00,7.469511032104492,DRLYX
2023-12-12 00:00:00-05:00,7.469511032104492,DRLYX
2023-12-13 00:00:00-05:00,7.722385406494141,DRLYX
2023-12-14 00:00:00-05:00,7.9655327796936035,DRLYX
2023-12-15 00:00:00-05:00,7.868274211883545,DRLYX
2023-12-18 00:00:00-05:00,7.819644451141357,DRLYX
2023-12-19 00:00:00-05:00,7.878000259399414,DRLYX
2023-12-20 00:00:00-05:00,7.790466785430908,DRLYX
2023-12-21 00:00:00-05:00,7.868274211883545,DRLYX
2023-12-22 00:00:00-05:00,7.878000259399414,DRLYX
2023-12-26 00:00:00-05:00,7.920000076293945,DRLYX
2023-12-27 00:00:00-05:00,7.989999771118164,DRLYX
2023-12-28 00:00:00-05:00,8.029999732971191,DRLYX
2023-12-29 00:00:00-05:00,7.960000038146973,DRLYX
2024-01-02 00:00:00-05:00,7.96999979019165,DRLYX
2024-01-03 00:00:00-05:00,7.809999942779541,DRLYX
2024-01-04 00:00:00-05:00,7.809999942779541,DRLYX
2024-01-05 00:00:00-05:00,7.800000190734863,DRLYX
2024-01-08 00:00:00-05:00,7.900000095367432,DRLYX
2024-01-09 00:00:00-05:00,7.849999904632568,DRLYX
2024-01-10 00:00:00-05:00,7.880000114440918,DRLYX
2024-01-11 00:00:00-05:00,7.829999923706055,DRLYX
2024-01-12 00:00:00-05:00,7.889999866485596,DRLYX
2024-01-16 00:00:00-05:00,7.809999942779541,DRLYX
2024-01-17 00:00:00-05:00,7.639999866485596,DRLYX
2024-01-18 00:00:00-05:00,7.599999904632568,DRLYX
2024-01-19 00:00:00-05:00,7.699999809265137,DRLYX
2024-01-22 00:00:00-05:00,7.730000019073486,DRLYX
2024-01-23 00:00:00-05:00,7.670000076293945,DRLYX
2024-01-24 00:00:00-05:00,7.630000114440918,DRLYX
2024-01-25 00:00:00-05:00,7.670000076293945,DRLYX
2024-01-26 00:00:00-05:00,7.670000076293945,DRLYX
2024-01-29 00:00:00-05:00,7.730000019073486,DRLYX
2024-01-30 00:00:00-05:00,7.670000076293945,DRLYX
2024-01-31 00:00:00-05:00,7.619999885559082,DRLYX
2024-02-01 00:00:00-05:00,7.710000038146973,DRLYX
2024-02-02 00:00:00-05:00,7.630000114440918,DRLYX
2024-02-05 00:00:00-05:00,7.5,DRLYX
2024-02-06 00:00:00-05:00,7.570000171661377,DRLYX
2024-02-07 00:00:00-05:00,7.570000171661377,DRLYX
2024-02-08 00:00:00-05:00,7.619999885559082,DRLYX
2024-02-09 00:00:00-05:00,7.610000133514404,DRLYX
2024-02-12 00:00:00-05:00,7.619999885559082,DRLYX
2024-02-13 00:00:00-05:00,7.460000038146973,DRLYX
2024-02-14 00:00:00-05:00,7.519999980926514,DRLYX
2024-02-15 00:00:00-05:00,7.659999847412109,DRLYX
2024-02-16 00:00:00-05:00,7.630000114440918,DRLYX
2024-02-20 00:00:00-05:00,7.599999904632568,DRLYX
2024-02-21 00:00:00-05:00,7.639999866485596,DRLYX
2024-02-22 00:00:00-05:00,7.659999847412109,DRLYX
2024-02-23 00:00:00-05:00,7.630000114440918,DRLYX
2024-02-26 00:00:00-05:00,7.570000171661377,DRLYX
2024-02-27 00:00:00-05:00,7.570000171661377,DRLYX
2024-02-28 00:00:00-05:00,7.579999923706055,DRLYX
2024-02-29 00:00:00-05:00,7.619999885559082,DRLYX
2024-03-01 00:00:00-05:00,7.699999809265137,DRLYX
2024-03-04 00:00:00-05:00,7.739999771118164,DRLYX
2024-03-05 00:00:00-05:00,7.659999847412109,DRLYX
2024-03-06 00:00:00-05:00,7.71999979019165,DRLYX
2024-03-07 00:00:00-05:00,7.75,DRLYX
2024-03-08 00:00:00-05:00,7.809999942779541,DRLYX
2024-03-11 00:00:00-04:00,7.789999961853027,DRLYX
2024-03-12 00:00:00-04:00,7.769999980926514,DRLYX
2024-03-13 00:00:00-04:00,7.730000019073486,DRLYX
2024-03-14 00:00:00-04:00,7.639999866485596,DRLYX
2024-03-15 00:00:00-04:00,7.619999885559082,DRLYX
2024-03-18 00:00:00-04:00,7.639999866485596,DRLYX
2024-03-19 00:00:00-04:00,7.659999847412109,DRLYX
2024-03-20 00:00:00-04:00,7.71999979019165,DRLYX
2024-03-21 00:00:00-04:00,7.769999980926514,DRLYX
2024-03-22 00:00:00-04:00,7.699999809265137,DRLYX
2024-03-25 00:00:00-04:00,7.670000076293945,DRLYX
2024-03-26 00:00:00-04:00,7.650000095367432,DRLYX
2024-03-27 00:00:00-04:00,7.820000171661377,DRLYX
2024-03-28 00:00:00-04:00,7.860000133514404,DRLYX
2024-04-01 00:00:00-04:00,7.760000228881836,DRLYX
2024-04-02 00:00:00-04:00,7.670000076293945,DRLYX
2024-04-03 00:00:00-04:00,7.659999847412109,DRLYX
2024-04-04 00:00:00-04:00,7.630000114440918,DRLYX
2024-04-05 00:00:00-04:00,7.670000076293945,DRLYX
2024-04-08 00:00:00-04:00,7.760000228881836,DRLYX
2024-04-09 00:00:00-04:00,7.840000152587891,DRLYX
2024-04-10 00:00:00-04:00,7.590000152587891,DRLYX
2024-04-11 00:00:00-04:00,7.599999904632568,DRLYX
2024-04-12 00:00:00-04:00,7.599999904632568,DRLYX
2024-04-15 00:00:00-04:00,7.420000076293945,DRLYX
2024-04-16 00:00:00-04:00,7.320000171661377,DRLYX
2024-04-17 00:00:00-04:00,7.289999961853027,DRLYX
2024-04-18 00:00:00-04:00,7.309999942779541,DRLYX
2024-04-19 00:00:00-04:00,7.329999923706055,DRLYX
2024-04-22 00:00:00-04:00,7.400000095367432,DRLYX
2024-04-23 00:00:00-04:00,7.480000019073486,DRLYX
2024-04-24 00:00:00-04:00,7.460000038146973,DRLYX
2024-04-25 00:00:00-04:00,7.429999828338623,DRLYX
2024-04-26 00:00:00-04:00,7.449999809265137,DRLYX
2024-04-29 00:00:00-04:00,7.519999980926514,DRLYX
2024-04-30 00:00:00-04:00,7.429999828338623,DRLYX
2024-05-01 00:00:00-04:00,7.429999828338623,DRLYX
2024-05-02 00:00:00-04:00,7.570000171661377,DRLYX
2024-05-03 00:00:00-04:00,7.650000095367432,DRLYX
2024-05-06 00:00:00-04:00,7.659999847412109,DRLYX
2024-05-07 00:00:00-04:00,7.699999809265137,DRLYX
2024-05-08 00:00:00-04:00,7.630000114440918,DRLYX
2024-05-09 00:00:00-04:00,7.75,DRLYX
2024-05-10 00:00:00-04:00,7.730000019073486,DRLYX
2024-05-13 00:00:00-04:00,7.75,DRLYX
2024-05-14 00:00:00-04:00,7.789999961853027,DRLYX
2024-05-15 00:00:00-04:00,7.900000095367432,DRLYX
2024-05-16 00:00:00-04:00,7.900000095367432,DRLYX
2024-05-17 00:00:00-04:00,7.880000114440918,DRLYX
2024-05-20 00:00:00-04:00,7.849999904632568,DRLYX
2024-05-21 00:00:00-04:00,7.820000171661377,DRLYX
2024-05-22 00:00:00-04:00,7.769999980926514,DRLYX
2024-05-23 00:00:00-04:00,7.610000133514404,DRLYX
2024-05-24 00:00:00-04:00,7.619999885559082,DRLYX
2024-05-28 00:00:00-04:00,7.610000133514404,DRLYX
2024-05-29 00:00:00-04:00,7.510000228881836,DRLYX
2024-05-30 00:00:00-04:00,7.619999885559082,DRLYX
2024-05-31 00:00:00-04:00,7.619999885559082,DRLYX
2024-06-03 00:00:00-04:00,7.739999771118164,DRLYX
2024-06-04 00:00:00-04:00,7.789999961853027,DRLYX
2024-06-05 00:00:00-04:00,7.800000190734863,DRLYX
2024-06-06 00:00:00-04:00,7.800000190734863,DRLYX
2024-06-07 00:00:00-04:00,7.699999809265137,DRLYX
2024-06-10 00:00:00-04:00,7.699999809265137,DRLYX
2024-06-11 00:00:00-04:00,7.639999866485596,DRLYX
2024-06-12 00:00:00-04:00,7.699999809265137,DRLYX
2024-06-13 00:00:00-04:00,7.710000038146973,DRLYX
2024-06-14 00:00:00-04:00,7.710000038146973,DRLYX
2024-06-17 00:00:00-04:00,7.670000076293945,DRLYX
2024-06-18 00:00:00-04:00,7.710000038146973,DRLYX
2024-06-20 00:00:00-04:00,7.690000057220459,DRLYX
2024-06-21 00:00:00-04:00,7.690000057220459,DRLYX
2024-06-24 00:00:00-04:00,7.739999771118164,DRLYX
2024-06-25 00:00:00-04:00,7.679999828338623,DRLYX
2024-06-26 00:00:00-04:00,7.630000114440918,DRLYX
2024-06-27 00:00:00-04:00,7.670000076293945,DRLYX
2024-06-28 00:00:00-04:00,7.730000019073486,DRLYX
2024-07-01 00:00:00-04:00,7.699999809265137,DRLYX
2024-07-02 00:00:00-04:00,7.739999771118164,DRLYX
2024-07-03 00:00:00-04:00,7.760000228881836,DRLYX
2024-07-05 00:00:00-04:00,7.800000190734863,DRLYX
2024-07-08 00:00:00-04:00,7.789999961853027,DRLYX
2024-07-09 00:00:00-04:00,7.78000020980835,DRLYX
2024-07-10 00:00:00-04:00,7.869999885559082,DRLYX
2024-07-11 00:00:00-04:00,8.029999732971191,DRLYX
2024-07-12 00:00:00-04:00,8.109999656677246,DRLYX
2024-07-15 00:00:00-04:00,8.149999618530273,DRLYX
2024-07-16 00:00:00-04:00,8.210000038146973,DRLYX
2024-07-17 00:00:00-04:00,8.25,DRLYX
2024-07-18 00:00:00-04:00,8.199999809265137,DRLYX
2024-07-19 00:00:00-04:00,8.15999984741211,DRLYX
2024-07-22 00:00:00-04:00,8.229999542236328,DRLYX
2024-07-23 00:00:00-04:00,8.220000267028809,DRLYX
2024-07-24 00:00:00-04:00,8.09000015258789,DRLYX
2024-07-25 00:00:00-04:00,8.020000457763672,DRLYX
2024-07-26 00:00:00-04:00,8.149999618530273,DRLYX
2024-07-29 00:00:00-04:00,8.199999809265137,DRLYX
2024-07-30 00:00:00-04:00,8.25,DRLYX
2024-07-31 00:00:00-04:00,8.25,DRLYX
2024-08-01 00:00:00-04:00,8.289999961853027,DRLYX
2024-08-02 00:00:00-04:00,8.279999732971191,DRLYX
2024-08-05 00:00:00-04:00,8.069999694824219,DRLYX
2024-08-06 00:00:00-04:00,8.239999771118164,DRLYX
2024-08-07 00:00:00-04:00,8.220000267028809,DRLYX
2024-08-08 00:00:00-04:00,8.3100004196167,DRLYX
2024-08-09 00:00:00-04:00,8.359999656677246,DRLYX
2024-08-12 00:00:00-04:00,8.300000190734863,DRLYX
2024-08-13 00:00:00-04:00,8.399999618530273,DRLYX
2024-08-14 00:00:00-04:00,8.430000305175781,DRLYX
2024-08-15 00:00:00-04:00,8.430000305175781,DRLYX
2024-08-16 00:00:00-04:00,8.4399995803833,DRLYX
2024-08-19 00:00:00-04:00,8.520000457763672,DRLYX
2024-08-20 00:00:00-04:00,8.510000228881836,DRLYX
2024-08-21 00:00:00-04:00,8.539999961853027,DRLYX
2024-08-22 00:00:00-04:00,8.5600004196167,DRLYX
2024-08-23 00:00:00-04:00,8.710000038146973,DRLYX
2024-08-26 00:00:00-04:00,8.739999771118164,DRLYX
2024-08-27 00:00:00-04:00,8.770000457763672,DRLYX
2024-08-28 00:00:00-04:00,8.729999542236328,DRLYX
2024-08-29 00:00:00-04:00,8.699999809265137,DRLYX
2024-08-30 00:00:00-04:00,8.779999732971191,DRLYX
2024-09-03 00:00:00-04:00,8.739999771118164,DRLYX
2024-09-04 00:00:00-04:00,8.770000457763672,DRLYX
2024-09-05 00:00:00-04:00,8.789999961853027,DRLYX
2024-09-06 00:00:00-04:00,8.760000228881836,DRLYX
2024-09-09 00:00:00-04:00,8.84000015258789,DRLYX
2024-09-10 00:00:00-04:00,8.949999809265137,DRLYX
2024-09-11 00:00:00-04:00,8.949999809265137,DRLYX
2024-09-12 00:00:00-04:00,9.010000228881836,DRLYX
2024-09-13 00:00:00-04:00,9.09000015258789,DRLYX
2024-09-16 00:00:00-04:00,9.119999885559082,DRLYX
2024-09-17 00:00:00-04:00,9.0600004196167,DRLYX
2024-09-18 00:00:00-04:00,9.039999961853027,DRLYX
2024-09-19 00:00:00-04:00,9.079999923706055,DRLYX
2024-09-20 00:00:00-04:00,9.029999732971191,DRLYX
2024-09-23 00:00:00-04:00,9.109999656677246,DRLYX
2024-09-24 00:00:00-04:00,9.109999656677246,DRLYX
2024-09-25 00:00:00-04:00,9.069999694824219,DRLYX
2024-09-26 00:00:00-04:00,9.050000190734863,DRLYX
2024-09-27 00:00:00-04:00,9.100000381469727,DRLYX
2024-09-30 00:00:00-04:00,9.079999923706055,DRLYX
2024-10-01 00:00:00-04:00,9.039999961853027,DRLYX
2024-10-02 00:00:00-04:00,9.0,DRLYX
2024-10-03 00:00:00-04:00,8.9399995803833,DRLYX
2024-10-04 00:00:00-04:00,8.90999984741211,DRLYX
2024-10-07 00:00:00-04:00,8.819999694824219,DRLYX
2024-10-08 00:00:00-04:00,8.8100004196167,DRLYX
2024-10-09 00:00:00-04:00,8.819999694824219,DRLYX
2024-10-10 00:00:00-04:00,8.760000228881836,DRLYX
2024-10-11 00:00:00-04:00,8.829999923706055,DRLYX
2024-10-14 00:00:00-04:00,8.859999656677246,DRLYX
2024-10-15 00:00:00-04:00,8.899999618530273,DRLYX
2024-10-16 00:00:00-04:00,8.989999771118164,DRLYX
2024-10-17 00:00:00-04:00,8.960000038146973,DRLYX
2024-10-18 00:00:00-04:00,9.0,DRLYX
2024-10-21 00:00:00-04:00,8.84000015258789,DRLYX
2023-10-23 00:00:00-04:00,5.46999979019165,PXRIX
2023-10-24 00:00:00-04:00,5.46999979019165,PXRIX
2023-10-25 00:00:00-04:00,5.400000095367432,PXRIX
2023-10-26 00:00:00-04:00,5.289999961853027,PXRIX
2023-10-27 00:00:00-04:00,5.309999942779541,PXRIX
2023-10-30 00:00:00-04:00,5.329999923706055,PXRIX
2023-10-31 00:00:00-04:00,5.380000114440918,PXRIX
2023-11-01 00:00:00-04:00,5.440000057220459,PXRIX
2023-11-02 00:00:00-04:00,5.630000114440918,PXRIX
2023-11-03 00:00:00-04:00,5.78000020980835,PXRIX
2023-11-06 00:00:00-05:00,5.71999979019165,PXRIX
2023-11-07 00:00:00-05:00,5.670000076293945,PXRIX
2023-11-08 00:00:00-05:00,5.630000114440918,PXRIX
2023-11-10 00:00:00-05:00,5.630000114440918,PXRIX
2023-11-13 00:00:00-05:00,5.599999904632568,PXRIX
2023-11-14 00:00:00-05:00,5.869999885559082,PXRIX
2023-11-15 00:00:00-05:00,5.889999866485596,PXRIX
2023-11-16 00:00:00-05:00,5.849999904632568,PXRIX
2023-11-17 00:00:00-05:00,5.900000095367432,PXRIX
2023-11-20 00:00:00-05:00,5.949999809265137,PXRIX
2023-11-21 00:00:00-05:00,5.869999885559082,PXRIX
2023-11-22 00:00:00-05:00,5.880000114440918,PXRIX
2023-11-24 00:00:00-05:00,5.889999866485596,PXRIX
2023-11-27 00:00:00-05:00,5.909999847412109,PXRIX
2023-11-28 00:00:00-05:00,5.929999828338623,PXRIX
2023-11-29 00:00:00-05:00,5.949999809265137,PXRIX
2023-11-30 00:00:00-05:00,5.909999847412109,PXRIX
2023-12-01 00:00:00-05:00,6.0,PXRIX
2023-12-05 00:00:00-05:00,5.909999847412109,PXRIX
2023-12-07 00:00:00-05:00,5.610000133514404,PXRIX
2023-10-23 00:00:00-04:00,42.46474075317383,CSSPX
2023-10-24 00:00:00-04:00,42.804534912109375,CSSPX
2023-10-25 00:00:00-04:00,42.056983947753906,CSSPX
2023-10-26 00:00:00-04:00,42.192901611328125,CSSPX
2023-10-27 00:00:00-04:00,41.911354064941406,CSSPX
2023-10-30 00:00:00-04:00,42.047279357910156,CSSPX
2023-10-31 00:00:00-04:00,42.59095001220703,CSSPX
2023-11-01 00:00:00-04:00,43.134620666503906,CSSPX
2023-11-02 00:00:00-04:00,44.51321792602539,CSSPX
2023-11-03 00:00:00-04:00,45.45494079589844,CSSPX
2023-11-06 00:00:00-05:00,44.9112663269043,CSSPX
2023-11-07 00:00:00-05:00,44.37730407714844,CSSPX
2023-11-08 00:00:00-05:00,44.51321792602539,CSSPX
2023-11-09 00:00:00-05:00,44.09575653076172,CSSPX
2023-11-10 00:00:00-05:00,44.39672088623047,CSSPX
2023-11-13 00:00:00-05:00,44.01809310913086,CSSPX
2023-11-14 00:00:00-05:00,46.173370361328125,CSSPX
2023-11-15 00:00:00-05:00,46.28986740112305,CSSPX
2023-11-16 00:00:00-05:00,46.23161315917969,CSSPX
2023-11-17 00:00:00-05:00,46.328704833984375,CSSPX
2023-11-20 00:00:00-05:00,46.72674560546875,CSSPX
2023-11-21 00:00:00-05:00,46.396663665771484,CSSPX
2023-11-22 00:00:00-05:00,46.54228591918945,CSSPX
2023-11-24 00:00:00-05:00,46.72674560546875,CSSPX
2023-11-27 00:00:00-05:00,46.8432502746582,CSSPX
2023-11-28 00:00:00-05:00,46.930625915527344,CSSPX
2023-11-29 00:00:00-05:00,47.105377197265625,CSSPX
2023-11-30 00:00:00-05:00,47.260711669921875,CSSPX
2023-12-01 00:00:00-05:00,48.0859260559082,CSSPX
2023-12-04 00:00:00-05:00,48.318931579589844,CSSPX
2023-12-05 00:00:00-05:00,48.105342864990234,CSSPX
2023-12-06 00:00:00-05:00,48.12476348876953,CSSPX
2023-12-07 00:00:00-05:00,48.20948028564453,CSSPX
2023-12-08 00:00:00-05:00,48.12082290649414,CSSPX
2023-12-11 00:00:00-05:00,48.28828811645508,CSSPX
2023-12-12 00:00:00-05:00,48.32769012451172,CSSPX
2023-12-13 00:00:00-05:00,49.815147399902344,CSSPX
2023-12-14 00:00:00-05:00,51.2041015625,CSSPX
2023-12-15 00:00:00-05:00,50.67216110229492,CSSPX
2023-12-18 00:00:00-05:00,50.30768585205078,CSSPX
2023-12-19 00:00:00-05:00,50.68201446533203,CSSPX
2023-12-20 00:00:00-05:00,50.15007400512695,CSSPX
2023-12-21 00:00:00-05:00,50.62290954589844,CSSPX
2023-12-22 00:00:00-05:00,50.691864013671875,CSSPX
2023-12-26 00:00:00-05:00,50.94798278808594,CSSPX
2023-12-27 00:00:00-05:00,51.40111541748047,CSSPX
2023-12-28 00:00:00-05:00,51.65723419189453,CSSPX
2023-12-29 00:00:00-05:00,51.2336540222168,CSSPX
2024-01-02 00:00:00-05:00,51.28290939331055,CSSPX
2024-01-03 00:00:00-05:00,50.268280029296875,CSSPX
2024-01-04 00:00:00-05:00,50.1599235534668,CSSPX
2024-01-05 00:00:00-05:00,50.169776916503906,CSSPX
2024-01-08 00:00:00-05:00,50.86917495727539,CSSPX
2024-01-09 00:00:00-05:00,50.5244026184082,CSSPX
2024-01-10 00:00:00-05:00,50.75096893310547,CSSPX
2024-01-11 00:00:00-05:00,50.50469970703125,CSSPX
2024-01-12 00:00:00-05:00,50.82977294921875,CSSPX
2024-01-16 00:00:00-05:00,50.356937408447266,CSSPX
2024-01-17 00:00:00-05:00,49.293060302734375,CSSPX
2024-01-18 00:00:00-05:00,48.99753952026367,CSSPX
2024-01-19 00:00:00-05:00,49.49992752075195,CSSPX
2024-01-22 00:00:00-05:00,49.66738510131836,CSSPX
2024-01-23 00:00:00-05:00,49.371864318847656,CSSPX
2024-01-24 00:00:00-05:00,49.06649398803711,CSSPX
2024-01-25 00:00:00-05:00,49.293060302734375,CSSPX
2024-01-26 00:00:00-05:00,49.24380874633789,CSSPX
2024-01-29 00:00:00-05:00,49.59843063354492,CSSPX
2024-01-30 00:00:00-05:00,49.30290985107422,CSSPX
2024-01-31 00:00:00-05:00,49.04679489135742,CSSPX
2024-02-01 00:00:00-05:00,49.716644287109375,CSSPX
2024-02-02 00:00:00-05:00,49.23395538330078,CSSPX
2024-02-05 00:00:00-05:00,48.5050048828125,CSSPX
2024-02-06 00:00:00-05:00,48.95813751220703,CSSPX
2024-02-07 00:00:00-05:00,48.92858123779297,CSSPX
2024-02-08 00:00:00-05:00,49.07634353637695,CSSPX
2024-02-09 00:00:00-05:00,49.11574935913086,CSSPX
2024-02-12 00:00:00-05:00,49.06649398803711,CSSPX
2024-02-13 00:00:00-05:00,48.14052200317383,CSSPX
2024-02-14 00:00:00-05:00,48.41634750366211,CSSPX
2024-02-15 00:00:00-05:00,49.36201477050781,CSSPX
2024-02-16 00:00:00-05:00,49.14529800415039,CSSPX
2024-02-20 00:00:00-05:00,48.98768615722656,CSSPX
2024-02-21 00:00:00-05:00,49.21425247192383,CSSPX
2024-02-22 00:00:00-05:00,49.421119689941406,CSSPX
2024-02-23 00:00:00-05:00,49.283206939697266,CSSPX
2024-02-26 00:00:00-05:00,48.98768615722656,CSSPX
2024-02-27 00:00:00-05:00,48.94828414916992,CSSPX
2024-02-28 00:00:00-05:00,48.99753952026367,CSSPX
2024-02-29 00:00:00-05:00,49.293060302734375,CSSPX
2024-03-01 00:00:00-05:00,49.85455322265625,CSSPX
2024-03-04 00:00:00-05:00,50.14022445678711,CSSPX
2024-03-05 00:00:00-05:00,49.56888198852539,CSSPX
2024-03-06 00:00:00-05:00,49.91365432739258,CSSPX
2024-03-07 00:00:00-05:00,50.120521545410156,CSSPX
2024-03-08 00:00:00-05:00,50.59335708618164,CSSPX
2024-03-11 00:00:00-04:00,50.4258918762207,CSSPX
2024-03-12 00:00:00-04:00,50.33723831176758,CSSPX
2024-03-13 00:00:00-04:00,50.07126998901367,CSSPX
2024-03-14 00:00:00-04:00,49.56888198852539,CSSPX
2024-03-15 00:00:00-04:00,49.470375061035156,CSSPX
2024-03-18 00:00:00-04:00,49.539329528808594,CSSPX
2024-03-19 00:00:00-04:00,49.78559875488281,CSSPX
2024-03-20 00:00:00-04:00,50.1599235534668,CSSPX
2024-03-21 00:00:00-04:00,50.41604232788086,CSSPX
2024-03-22 00:00:00-04:00,50.02201461791992,CSSPX
2024-03-25 00:00:00-04:00,49.805301666259766,CSSPX
2024-03-26 00:00:00-04:00,49.72649383544922,CSSPX
2024-03-27 00:00:00-04:00,50.72141647338867,CSSPX
2024-03-28 00:00:00-04:00,51.05634307861328,CSSPX
2024-04-01 00:00:00-04:00,50.4258918762207,CSSPX
2024-04-02 00:00:00-04:00,49.85455322265625,CSSPX
2024-04-03 00:00:00-04:00,49.657535552978516,CSSPX
2024-04-04 00:00:00-04:00,49.36201477050781,CSSPX
2024-04-05 00:00:00-04:00,49.706790924072266,CSSPX
2024-04-08 00:00:00-04:00,50.189476013183594,CSSPX
2024-04-09 00:00:00-04:00,50.59335708618164,CSSPX
2024-04-10 00:00:00-04:00,49.08619689941406,CSSPX
2024-04-11 00:00:00-04:00,49.12559509277344,CSSPX
2024-04-12 00:00:00-04:00,48.60350799560547,CSSPX
2024-04-15 00:00:00-04:00,47.96321105957031,CSSPX
2024-04-16 00:00:00-04:00,47.372169494628906,CSSPX
2024-04-17 00:00:00-04:00,47.16530227661133,CSSPX
2024-04-18 00:00:00-04:00,47.26380920410156,CSSPX
2024-04-19 00:00:00-04:00,47.322914123535156,CSSPX
2024-04-22 00:00:00-04:00,47.815452575683594,CSSPX
2024-04-23 00:00:00-04:00,48.268585205078125,CSSPX
2024-04-24 00:00:00-04:00,48.16022491455078,CSSPX
2024-04-25 00:00:00-04:00,47.96321105957031,CSSPX
2024-04-26 00:00:00-04:00,48.07156753540039,CSSPX
2024-04-29 00:00:00-04:00,48.52470016479492,CSSPX
2024-04-30 00:00:00-04:00,47.845001220703125,CSSPX
2024-05-01 00:00:00-04:00,47.933658599853516,CSSPX
2024-05-02 00:00:00-04:00,48.75127029418945,CSSPX
2024-05-03 00:00:00-04:00,49.204402923583984,CSSPX
2024-05-06 00:00:00-04:00,49.371864318847656,CSSPX
2024-05-07 00:00:00-04:00,49.657535552978516,CSSPX
2024-05-08 00:00:00-04:00,49.26350784301758,CSSPX
2024-05-09 00:00:00-04:00,49.88410186767578,CSSPX
2024-05-10 00:00:00-04:00,49.864402770996094,CSSPX
2024-05-13 00:00:00-04:00,49.93335723876953,CSSPX
2024-05-14 00:00:00-04:00,50.14022445678711,CSSPX
2024-05-15 00:00:00-04:00,51.02678680419922,CSSPX
2024-05-16 00:00:00-04:00,51.00708770751953,CSSPX
2024-05-17 00:00:00-04:00,50.938133239746094,CSSPX
2024-05-20 00:00:00-04:00,50.71156692504883,CSSPX
2024-05-21 00:00:00-04:00,50.57365417480469,CSSPX
2024-05-22 00:00:00-04:00,50.19932556152344,CSSPX
2024-05-23 00:00:00-04:00,49.36201477050781,CSSPX
2024-05-24 00:00:00-04:00,49.32261276245117,CSSPX
2024-05-28 00:00:00-04:00,49.30290985107422,CSSPX
2024-05-29 00:00:00-04:00,48.731571197509766,CSSPX
2024-05-30 00:00:00-04:00,49.3521614074707,CSSPX
2024-05-31 00:00:00-04:00,50.120521545410156,CSSPX
2024-06-03 00:00:00-04:00,50.2288818359375,CSSPX
2024-06-04 00:00:00-04:00,50.53425216674805,CSSPX
2024-06-05 00:00:00-04:00,50.72141647338867,CSSPX
2024-06-06 00:00:00-04:00,50.67216110229492,CSSPX
2024-06-07 00:00:00-04:00,50.09096908569336,CSSPX
2024-06-10 00:00:00-04:00,50.17962646484375,CSSPX
2024-06-11 00:00:00-04:00,49.815147399902344,CSSPX
2024-06-12 00:00:00-04:00,50.17962646484375,CSSPX
2024-06-13 00:00:00-04:00,50.1599235534668,CSSPX
2024-06-14 00:00:00-04:00,50.15007400512695,CSSPX
2024-06-17 00:00:00-04:00,49.91365432739258,CSSPX
2024-06-18 00:00:00-04:00,50.06141662597656,CSSPX
2024-06-20 00:00:00-04:00,49.88410186767578,CSSPX
2024-06-21 00:00:00-04:00,49.795448303222656,CSSPX
2024-06-24 00:00:00-04:00,50.20917892456055,CSSPX
2024-06-25 00:00:00-04:00,49.8348503112793,CSSPX
2024-06-26 00:00:00-04:00,49.578731536865234,CSSPX
2024-06-27 00:00:00-04:00,49.82500076293945,CSSPX
2024-06-28 00:00:00-04:00,50.220001220703125,CSSPX
2024-07-01 00:00:00-04:00,49.97999954223633,CSSPX
2024-07-02 00:00:00-04:00,50.15999984741211,CSSPX
2024-07-03 00:00:00-04:00,50.369998931884766,CSSPX
2024-07-05 00:00:00-04:00,50.709999084472656,CSSPX
2024-07-08 00:00:00-04:00,50.59000015258789,CSSPX
2024-07-09 00:00:00-04:00,50.58000183105469,CSSPX
2024-07-10 00:00:00-04:00,51.099998474121094,CSSPX
2024-07-11 00:00:00-04:00,51.939998626708984,CSSPX
2024-07-12 00:00:00-04:00,52.43000030517578,CSSPX
2024-07-15 00:00:00-04:00,52.63999938964844,CSSPX
2024-07-16 00:00:00-04:00,52.88999938964844,CSSPX
2024-07-17 00:00:00-04:00,53.189998626708984,CSSPX
2024-07-18 00:00:00-04:00,52.779998779296875,CSSPX
2024-07-19 00:00:00-04:00,52.709999084472656,CSSPX
2024-07-22 00:00:00-04:00,53.119998931884766,CSSPX
2024-07-23 00:00:00-04:00,52.970001220703125,CSSPX
2024-07-24 00:00:00-04:00,52.04999923706055,CSSPX
2024-07-25 00:00:00-04:00,51.540000915527344,CSSPX
2024-07-26 00:00:00-04:00,52.2599983215332,CSSPX
2024-07-29 00:00:00-04:00,52.619998931884766,CSSPX
2024-07-30 00:00:00-04:00,52.84000015258789,CSSPX
2024-07-31 00:00:00-04:00,52.970001220703125,CSSPX
2024-08-01 00:00:00-04:00,53.15999984741211,CSSPX
2024-08-02 00:00:00-04:00,53.18000030517578,CSSPX
2024-08-05 00:00:00-04:00,51.84000015258789,CSSPX
2024-08-06 00:00:00-04:00,52.880001068115234,CSSPX
2024-08-07 00:00:00-04:00,52.56999969482422,CSSPX
2024-08-08 00:00:00-04:00,53.130001068115234,CSSPX
2024-08-09 00:00:00-04:00,53.41999816894531,CSSPX
2024-08-12 00:00:00-04:00,53.06999969482422,CSSPX
2024-08-13 00:00:00-04:00,53.68000030517578,CSSPX
2024-08-14 00:00:00-04:00,53.900001525878906,CSSPX
2024-08-15 00:00:00-04:00,53.880001068115234,CSSPX
2024-08-16 00:00:00-04:00,53.880001068115234,CSSPX
2024-08-19 00:00:00-04:00,54.380001068115234,CSSPX
2024-08-20 00:00:00-04:00,54.38999938964844,CSSPX
2024-08-21 00:00:00-04:00,54.599998474121094,CSSPX
2024-08-22 00:00:00-04:00,54.7599983215332,CSSPX
2024-08-23 00:00:00-04:00,55.7599983215332,CSSPX
2024-08-26 00:00:00-04:00,55.86000061035156,CSSPX
2024-08-27 00:00:00-04:00,56.04999923706055,CSSPX
2024-08-28 00:00:00-04:00,55.83000183105469,CSSPX
2024-08-29 00:00:00-04:00,55.5,CSSPX
2024-08-30 00:00:00-04:00,56.0099983215332,CSSPX
2024-09-03 00:00:00-04:00,55.709999084472656,CSSPX
2024-09-04 00:00:00-04:00,55.970001220703125,CSSPX
2024-09-05 00:00:00-04:00,56.029998779296875,CSSPX
2024-09-06 00:00:00-04:00,55.79999923706055,CSSPX
2024-09-09 00:00:00-04:00,56.34000015258789,CSSPX
2024-09-10 00:00:00-04:00,57.060001373291016,CSSPX
2024-09-11 00:00:00-04:00,57.09000015258789,CSSPX
2024-09-12 00:00:00-04:00,57.349998474121094,CSSPX
2024-09-13 00:00:00-04:00,57.86000061035156,CSSPX
2024-09-16 00:00:00-04:00,58.02000045776367,CSSPX
2024-09-17 00:00:00-04:00,57.52000045776367,CSSPX
2024-09-18 00:00:00-04:00,57.34000015258789,CSSPX
2024-09-19 00:00:00-04:00,57.619998931884766,CSSPX
2024-09-20 00:00:00-04:00,57.310001373291016,CSSPX
2024-09-23 00:00:00-04:00,57.79999923706055,CSSPX
2024-09-24 00:00:00-04:00,57.81999969482422,CSSPX
2024-09-25 00:00:00-04:00,57.560001373291016,CSSPX
2024-09-26 00:00:00-04:00,57.540000915527344,CSSPX
2024-09-27 00:00:00-04:00,57.86000061035156,CSSPX
2024-09-30 00:00:00-04:00,57.790000915527344,CSSPX
2024-10-01 00:00:00-04:00,57.5,CSSPX
2024-10-02 00:00:00-04:00,57.25,CSSPX
2024-10-03 00:00:00-04:00,56.83000183105469,CSSPX
2024-10-04 00:00:00-04:00,56.59000015258789,CSSPX
2024-10-07 00:00:00-04:00,55.970001220703125,CSSPX
2024-10-08 00:00:00-04:00,55.86000061035156,CSSPX
2024-10-09 00:00:00-04:00,55.86000061035156,CSSPX
2024-10-10 00:00:00-04:00,55.619998931884766,CSSPX
2024-10-11 00:00:00-04:00,56.02000045776367,CSSPX
2024-10-14 00:00:00-04:00,56.25,CSSPX
2024-10-15 00:00:00-04:00,56.439998626708984,CSSPX
2024-10-16 00:00:00-04:00,57.04999923706055,CSSPX
2024-10-17 00:00:00-04:00,56.91999816894531,CSSPX
2024-10-18 00:00:00-04:00,57.06999969482422,CSSPX
2024-10-21 00:00:00-04:00,56.06999969482422,CSSPX
2023-10-23 00:00:00+02:00,48.58499526977539,BGPSF.AS
2023-10-24 00:00:00+02:00,48.06721878051758,BGPSF.AS
2023-10-25 00:00:00+02:00,48.59458541870117,BGPSF.AS
2023-10-26 00:00:00+02:00,47.5686149597168,BGPSF.AS
2023-10-27 00:00:00+02:00,48.335697174072266,BGPSF.AS
2023-10-30 00:00:00+01:00,47.76997375488281,BGPSF.AS
2023-10-31 00:00:00+01:00,47.904212951660156,BGPSF.AS
2023-11-01 00:00:00+01:00,48.71923828125,BGPSF.AS
2023-11-02 00:00:00+01:00,49.21784210205078,BGPSF.AS
2023-11-03 00:00:00+01:00,50.52187728881836,BGPSF.AS
2023-11-06 00:00:00+01:00,51.23142623901367,BGPSF.AS
2023-11-07 00:00:00+01:00,50.25339889526367,BGPSF.AS
2023-11-08 00:00:00+01:00,50.080806732177734,BGPSF.AS
2023-11-09 00:00:00+01:00,50.09998321533203,BGPSF.AS
2023-11-10 00:00:00+01:00,49.6780891418457,BGPSF.AS
2023-11-13 00:00:00+01:00,49.96574401855469,BGPSF.AS
2023-11-14 00:00:00+01:00,49.6780891418457,BGPSF.AS
2023-11-15 00:00:00+01:00,51.66291046142578,BGPSF.AS
2023-11-16 00:00:00+01:00,51.365665435791016,BGPSF.AS
2023-11-17 00:00:00+01:00,50.98212432861328,BGPSF.AS
2023-11-20 00:00:00+01:00,51.09718704223633,BGPSF.AS
2023-11-21 00:00:00+01:00,51.3369026184082,BGPSF.AS
2023-11-22 00:00:00+01:00,50.91500473022461,BGPSF.AS
2023-11-23 00:00:00+01:00,51.42319869995117,BGPSF.AS
2023-11-24 00:00:00+01:00,51.30813217163086,BGPSF.AS
2023-11-27 00:00:00+01:00,51.212249755859375,BGPSF.AS
2023-11-28 00:00:00+01:00,51.365665435791016,BGPSF.AS
2023-11-29 00:00:00+01:00,51.298545837402344,BGPSF.AS
2023-11-30 00:00:00+01:00,51.6724967956543,BGPSF.AS
2023-12-01 00:00:00+01:00,52.06562805175781,BGPSF.AS
2023-12-04 00:00:00+01:00,53.46554946899414,BGPSF.AS
2023-12-05 00:00:00+01:00,53.66691207885742,BGPSF.AS
2023-12-06 00:00:00+01:00,53.77238464355469,BGPSF.AS
2023-12-07 00:00:00+01:00,53.7819709777832,BGPSF.AS
2023-12-08 00:00:00+01:00,54.031272888183594,BGPSF.AS
2023-12-11 00:00:00+01:00,54.002506256103516,BGPSF.AS
2023-12-12 00:00:00+01:00,54.20386505126953,BGPSF.AS
2023-12-13 00:00:00+01:00,53.94497299194336,BGPSF.AS
2023-12-14 00:00:00+01:00,55.39284133911133,BGPSF.AS
2023-12-15 00:00:00+01:00,56.25580596923828,BGPSF.AS
2023-12-18 00:00:00+01:00,55.83391189575195,BGPSF.AS
2023-12-19 00:00:00+01:00,55.72843933105469,BGPSF.AS
2023-12-20 00:00:00+01:00,55.71885299682617,BGPSF.AS
2023-12-21 00:00:00+01:00,55.37366485595703,BGPSF.AS
2023-12-22 00:00:00+01:00,55.555843353271484,BGPSF.AS
2023-12-27 00:00:00+01:00,55.82432556152344,BGPSF.AS
2023-12-29 00:00:00+01:00,56.40922546386719,BGPSF.AS
2024-01-02 00:00:00+01:00,56.11198043823242,BGPSF.AS
2024-01-09 00:00:00+01:00,55.987327575683594,BGPSF.AS
2024-01-10 00:00:00+01:00,55.88185501098633,BGPSF.AS
2024-01-11 00:00:00+01:00,55.987327575683594,BGPSF.AS
2024-01-12 00:00:00+01:00,55.53666687011719,BGPSF.AS
2024-01-15 00:00:00+01:00,55.95856475830078,BGPSF.AS
2024-01-16 00:00:00+01:00,55.80514907836914,BGPSF.AS
2024-01-17 00:00:00+01:00,55.6517333984375,BGPSF.AS
2024-01-18 00:00:00+01:00,54.63534927368164,BGPSF.AS
2024-01-19 00:00:00+01:00,54.41481399536133,BGPSF.AS
2024-01-22 00:00:00+01:00,54.88465118408203,BGPSF.AS
2024-01-23 00:00:00+01:00,55.18189239501953,BGPSF.AS
2024-01-24 00:00:00+01:00,54.96135711669922,BGPSF.AS
2024-01-25 00:00:00+01:00,54.45316696166992,BGPSF.AS
2024-01-29 00:00:00+01:00,55.09559631347656,BGPSF.AS
2024-01-30 00:00:00+01:00,55.79555892944336,BGPSF.AS
2024-01-31 00:00:00+01:00,55.364078521728516,BGPSF.AS
2024-02-01 00:00:00+01:00,54.90382766723633,BGPSF.AS
2024-02-02 00:00:00+01:00,55.507904052734375,BGPSF.AS
2024-02-05 00:00:00+01:00,55.124366760253906,BGPSF.AS
2024-02-06 00:00:00+01:00,54.64493942260742,BGPSF.AS
2024-02-07 00:00:00+01:00,55.009300231933594,BGPSF.AS
2024-02-08 00:00:00+01:00,54.94218063354492,BGPSF.AS
2024-02-09 00:00:00+01:00,55.105186462402344,BGPSF.AS
2024-02-12 00:00:00+01:00,54.865474700927734,BGPSF.AS
2024-02-13 00:00:00+01:00,54.99971389770508,BGPSF.AS
2024-02-14 00:00:00+01:00,54.11756896972656,BGPSF.AS
2024-02-15 00:00:00+01:00,54.347694396972656,BGPSF.AS
2024-02-16 00:00:00+01:00,55.49831771850586,BGPSF.AS
2024-02-19 00:00:00+01:00,54.89423751831055,BGPSF.AS
2024-02-20 00:00:00+01:00,54.932594299316406,BGPSF.AS
2024-02-21 00:00:00+01:00,54.673702239990234,BGPSF.AS
2024-02-22 00:00:00+01:00,54.88465118408203,BGPSF.AS
2024-02-23 00:00:00+01:00,55.009300231933594,BGPSF.AS
2024-02-26 00:00:00+01:00,54.817527770996094,BGPSF.AS
2024-02-27 00:00:00+01:00,54.13674545288086,BGPSF.AS
2024-02-28 00:00:00+01:00,54.38604736328125,BGPSF.AS
2024-02-29 00:00:00+01:00,54.48193359375,BGPSF.AS
2024-03-01 00:00:00+01:00,54.817527770996094,BGPSF.AS
2024-03-04 00:00:00+01:00,55.325721740722656,BGPSF.AS
2024-03-05 00:00:00+01:00,55.39284133911133,BGPSF.AS
2024-03-06 00:00:00+01:00,55.02847671508789,BGPSF.AS
2024-03-07 00:00:00+01:00,55.02847671508789,BGPSF.AS
2024-03-08 00:00:00+01:00,55.34490203857422,BGPSF.AS
2024-03-11 00:00:00+01:00,55.69967269897461,BGPSF.AS
2024-03-12 00:00:00+01:00,55.58461380004883,BGPSF.AS
2024-03-13 00:00:00+01:00,55.402427673339844,BGPSF.AS
2024-03-14 00:00:00+01:00,55.13395309448242,BGPSF.AS
2024-03-15 00:00:00+01:00,54.91341781616211,BGPSF.AS
2024-03-18 00:00:00+01:00,54.625762939453125,BGPSF.AS
2024-03-19 00:00:00+01:00,54.970947265625,BGPSF.AS
2024-03-20 00:00:00+01:00,54.9901237487793,BGPSF.AS
2024-03-21 00:00:00+01:00,55.354488372802734,BGPSF.AS
2024-03-22 00:00:00+01:00,55.68049621582031,BGPSF.AS
2024-03-25 00:00:00+01:00,55.469547271728516,BGPSF.AS
2024-03-26 00:00:00+01:00,55.076419830322266,BGPSF.AS
2024-03-27 00:00:00+01:00,55.14353942871094,BGPSF.AS
2024-03-28 00:00:00+01:00,56.792762756347656,BGPSF.AS
2024-04-02 00:00:00+02:00,56.4188117980957,BGPSF.AS
2024-04-03 00:00:00+02:00,55.13395309448242,BGPSF.AS
2024-04-04 00:00:00+02:00,54.9901237487793,BGPSF.AS
2024-04-05 00:00:00+02:00,54.587406158447266,BGPSF.AS
2024-04-08 00:00:00+02:00,54.970947265625,BGPSF.AS
2024-04-09 00:00:00+02:00,55.61337661743164,BGPSF.AS
2024-04-10 00:00:00+02:00,55.987327575683594,BGPSF.AS
2024-04-11 00:00:00+02:00,54.827117919921875,BGPSF.AS
2024-04-12 00:00:00+02:00,55.124366760253906,BGPSF.AS
2024-04-15 00:00:00+02:00,54.98053741455078,BGPSF.AS
2024-04-16 00:00:00+02:00,54.06003952026367,BGPSF.AS
2024-04-17 00:00:00+02:00,53.49431610107422,BGPSF.AS
2024-04-18 00:00:00+02:00,53.1395378112793,BGPSF.AS
2024-04-19 00:00:00+02:00,53.110774993896484,BGPSF.AS
2024-04-22 00:00:00+02:00,53.417606353759766,BGPSF.AS
2024-04-23 00:00:00+02:00,54.0120964050293,BGPSF.AS
2024-04-24 00:00:00+02:00,54.22304153442383,BGPSF.AS
2024-04-25 00:00:00+02:00,54.11756896972656,BGPSF.AS
2024-04-26 00:00:00+02:00,53.70526123046875,BGPSF.AS
2024-04-29 00:00:00+02:00,54.040863037109375,BGPSF.AS
2024-04-30 00:00:00+02:00,54.338104248046875,BGPSF.AS
2024-05-02 00:00:00+02:00,53.90662384033203,BGPSF.AS
2024-05-03 00:00:00+02:00,54.520286560058594,BGPSF.AS
2024-05-06 00:00:00+02:00,54.712059020996094,BGPSF.AS
2024-05-07 00:00:00+02:00,54.683292388916016,BGPSF.AS
2024-05-08 00:00:00+02:00,55.02847671508789,BGPSF.AS
2024-05-09 00:00:00+02:00,54.60658264160156,BGPSF.AS
2024-05-10 00:00:00+02:00,55.43119812011719,BGPSF.AS
2024-05-13 00:00:00+02:00,55.22024917602539,BGPSF.AS
2024-05-14 00:00:00+02:00,55.2490119934082,BGPSF.AS
2024-05-15 00:00:00+02:00,55.412017822265625,BGPSF.AS
2024-05-16 00:00:00+02:00,56.19827651977539,BGPSF.AS
2024-05-17 00:00:00+02:00,55.987327575683594,BGPSF.AS
2024-05-20 00:00:00+02:00,55.9681510925293,BGPSF.AS
2024-05-21 00:00:00+02:00,55.690086364746094,BGPSF.AS
2024-05-22 00:00:00+02:00,55.594200134277344,BGPSF.AS
2024-05-23 00:00:00+02:00,55.364078521728516,BGPSF.AS
2024-05-24 00:00:00+02:00,54.38604736328125,BGPSF.AS
2024-05-27 00:00:00+02:00,54.2901611328125,BGPSF.AS
2024-05-28 00:00:00+02:00,54.36687088012695,BGPSF.AS
2024-05-29 00:00:00+02:00,54.06962585449219,BGPSF.AS
2024-05-30 00:00:00+02:00,53.66691207885742,BGPSF.AS
2024-05-31 00:00:00+02:00,54.2901611328125,BGPSF.AS
2024-06-03 00:00:00+02:00,54.88465118408203,BGPSF.AS
2024-06-04 00:00:00+02:00,54.836708068847656,BGPSF.AS
2024-06-05 00:00:00+02:00,55.22024917602539,BGPSF.AS
2024-06-06 00:00:00+02:00,55.162715911865234,BGPSF.AS
2024-06-07 00:00:00+02:00,55.05724334716797,BGPSF.AS
2024-06-10 00:00:00+02:00,54.70246887207031,BGPSF.AS
2024-06-11 00:00:00+02:00,55.08600997924805,BGPSF.AS
2024-06-12 00:00:00+02:00,54.76000213623047,BGPSF.AS
2024-06-13 00:00:00+02:00,54.810001373291016,BGPSF.AS
2024-06-14 00:00:00+02:00,55.130001068115234,BGPSF.AS
2024-06-17 00:00:00+02:00,55.31999969482422,BGPSF.AS
2024-06-18 00:00:00+02:00,55.040000915527344,BGPSF.AS
2024-06-19 00:00:00+02:00,55.2599983215332,BGPSF.AS
2024-06-20 00:00:00+02:00,55.06999969482422,BGPSF.AS
2024-06-21 00:00:00+02:00,55.150001525878906,BGPSF.AS
2024-06-24 00:00:00+02:00,55.25,BGPSF.AS
2024-06-25 00:00:00+02:00,55.40999984741211,BGPSF.AS
2024-06-26 00:00:00+02:00,55.11000061035156,BGPSF.AS
2024-06-27 00:00:00+02:00,54.79999923706055,BGPSF.AS
2024-06-28 00:00:00+02:00,55.09000015258789,BGPSF.AS
2024-07-01 00:00:00+02:00,55.470001220703125,BGPSF.AS
2024-07-02 00:00:00+02:00,55.130001068115234,BGPSF.AS
2024-07-03 00:00:00+02:00,55.290000915527344,BGPSF.AS
2024-07-04 00:00:00+02:00,55.15999984741211,BGPSF.AS
2024-07-05 00:00:00+02:00,55.220001220703125,BGPSF.AS
2024-07-08 00:00:00+02:00,55.279998779296875,BGPSF.AS
2024-07-09 00:00:00+02:00,55.29999923706055,BGPSF.AS
2024-07-10 00:00:00+02:00,55.400001525878906,BGPSF.AS
2024-07-11 00:00:00+02:00,56.04999923706055,BGPSF.AS
2024-07-12 00:00:00+02:00,57.220001220703125,BGPSF.AS
2024-07-15 00:00:00+02:00,57.2599983215332,BGPSF.AS
2024-07-16 00:00:00+02:00,57.34000015258789,BGPSF.AS
2024-07-17 00:00:00+02:00,57.95000076293945,BGPSF.AS
2024-07-18 00:00:00+02:00,57.86000061035156,BGPSF.AS
2024-07-19 00:00:00+02:00,57.36000061035156,BGPSF.AS
2024-07-22 00:00:00+02:00,57.220001220703125,BGPSF.AS
2024-07-23 00:00:00+02:00,57.709999084472656,BGPSF.AS
2024-07-24 00:00:00+02:00,57.7400016784668,BGPSF.AS
2024-07-25 00:00:00+02:00,57.0099983215332,BGPSF.AS
2024-07-26 00:00:00+02:00,56.619998931884766,BGPSF.AS
2024-07-29 00:00:00+02:00,57.2400016784668,BGPSF.AS
2024-07-30 00:00:00+02:00,57.65999984741211,BGPSF.AS
2024-07-31 00:00:00+02:00,57.79999923706055,BGPSF.AS
2024-08-01 00:00:00+02:00,57.7400016784668,BGPSF.AS
2024-08-02 00:00:00+02:00,58.27000045776367,BGPSF.AS
2024-08-05 00:00:00+02:00,57.45000076293945,BGPSF.AS
2024-08-06 00:00:00+02:00,56.13999938964844,BGPSF.AS
2024-08-07 00:00:00+02:00,57.2599983215332,BGPSF.AS
2024-08-08 00:00:00+02:00,57.0,BGPSF.AS
2024-08-09 00:00:00+02:00,57.540000915527344,BGPSF.AS
2024-08-12 00:00:00+02:00,57.88999938964844,BGPSF.AS
2024-08-13 00:00:00+02:00,57.5,BGPSF.AS
2024-08-14 00:00:00+02:00,57.91999816894531,BGPSF.AS
2024-08-15 00:00:00+02:00,57.939998626708984,BGPSF.AS
2024-08-16 00:00:00+02:00,58.130001068115234,BGPSF.AS
2024-08-19 00:00:00+02:00,58.130001068115234,BGPSF.AS
2024-08-20 00:00:00+02:00,58.310001373291016,BGPSF.AS
2024-08-21 00:00:00+02:00,58.08000183105469,BGPSF.AS
2024-08-22 00:00:00+02:00,58.2400016784668,BGPSF.AS
2024-08-26 00:00:00+02:00,59.349998474121094,BGPSF.AS
2024-08-27 00:00:00+02:00,59.41999816894531,BGPSF.AS
2024-08-28 00:00:00+02:00,59.540000915527344,BGPSF.AS
2024-08-29 00:00:00+02:00,59.68000030517578,BGPSF.AS
2024-08-30 00:00:00+02:00,59.630001068115234,BGPSF.AS
2024-09-02 00:00:00+02:00,60.189998626708984,BGPSF.AS
2024-09-03 00:00:00+02:00,60.16999816894531,BGPSF.AS
2024-09-04 00:00:00+02:00,59.900001525878906,BGPSF.AS
2024-09-05 00:00:00+02:00,59.970001220703125,BGPSF.AS
2024-09-06 00:00:00+02:00,60.130001068115234,BGPSF.AS
2024-09-09 00:00:00+02:00,59.880001068115234,BGPSF.AS
2024-09-10 00:00:00+02:00,60.56999969482422,BGPSF.AS
2024-09-11 00:00:00+02:00,61.52000045776367,BGPSF.AS
2024-09-12 00:00:00+02:00,61.630001068115234,BGPSF.AS
2024-09-13 00:00:00+02:00,61.79999923706055,BGPSF.AS
2024-09-16 00:00:00+02:00,62.220001220703125,BGPSF.AS
2024-09-17 00:00:00+02:00,62.16999816894531,BGPSF.AS
2024-09-18 00:00:00+02:00,61.63999938964844,BGPSF.AS
2024-09-19 00:00:00+02:00,61.70000076293945,BGPSF.AS
2024-09-20 00:00:00+02:00,61.880001068115234,BGPSF.AS
2024-09-23 00:00:00+02:00,61.43000030517578,BGPSF.AS
2024-09-24 00:00:00+02:00,62.08000183105469,BGPSF.AS
2024-09-25 00:00:00+02:00,61.810001373291016,BGPSF.AS
2024-09-26 00:00:00+02:00,61.529998779296875,BGPSF.AS
2024-09-27 00:00:00+02:00,61.380001068115234,BGPSF.AS
2024-09-30 00:00:00+02:00,61.41999816894531,BGPSF.AS
2024-10-01 00:00:00+02:00,61.720001220703125,BGPSF.AS
2024-10-02 00:00:00+02:00,61.88999938964844,BGPSF.AS
2024-10-03 00:00:00+02:00,61.720001220703125,BGPSF.AS
2024-10-04 00:00:00+02:00,61.279998779296875,BGPSF.AS
2024-10-07 00:00:00+02:00,61.279998779296875,BGPSF.AS
2024-10-08 00:00:00+02:00,60.66999816894531,BGPSF.AS
2024-10-09 00:00:00+02:00,60.560001373291016,BGPSF.AS
2024-10-10 00:00:00+02:00,60.810001373291016,BGPSF.AS
2024-10-11 00:00:00+02:00,60.5099983215332,BGPSF.AS
2024-10-14 00:00:00+02:00,60.95000076293945,BGPSF.AS
2024-10-15 00:00:00+02:00,61.27000045776367,BGPSF.AS
2024-10-16 00:00:00+02:00,61.7599983215332,BGPSF.AS
2024-10-17 00:00:00+02:00,62.5099983215332,BGPSF.AS
2024-10-18 00:00:00+02:00,62.40999984741211,BGPSF.AS
2024-10-21 00:00:00+02:00,62.4900016784668,BGPSF.AS
2024-10-22 00:00:00+02:00,61.33000183105469,BGPSF.AS
